Scenario,Date,APCP,TMP,RH,WS,WD,FFMC,DMC,DC,ISI,BUI,FWI
actual,2017-08-27 13:00,0,21.6,36,12,182,90.2,63.6,403.3,8.1,91.2,26
actual,2017-08-28 13:00,0,22.7,56,18.2,192,88.6,65.8,410.4,8.8,93.9,28.1
actual,2017-08-29 13:00,2.5,17.2,87,11.6,235,62.6,55.2,416.5,0.8,82.9,3.6
actual,2017-08-30 13:00,4.3,10.4,72,12.9,345,50,39.1,408.7,0.3,63.1,0.6
actual,2017-08-31 13:00,0,14,43,8.9,159,73.6,40.9,414.2,1.1,65.5,4.1
actual,2017-09-01 13:00,0,19,50,25.7,189,84.6,42.6,419.4,7.3,68,20.8
actual,2017-09-02 13:00,2.5,16.7,80,14.4,291,65.7,36.5,424.1,1.1,60.1,3.8
actual,2017-09-03 13:00,0,18.6,58,14.9,256,80.1,38,429.1,2.4,62.2,8.3
actual,2017-09-04 13:00,3.6,11.1,71,17.5,274,59.9,28.6,423.1,1,49,2.7
actual,2017-09-05 13:00,3.5,9,93,20.3,335,38.8,21.1,417.2,0.1,37.5,0.1
actual,2017-09-06 13:00,2,12,60,6.8,321,53.2,19.6,421.1,0.3,35.1,0.4
actual,2017-09-07 13:00,0,11.4,72,10.7,154,67.4,20.2,424.8,1,36.2,2
actual,2017-09-08 13:00,2,15.8,45,10.6,253,72.8,19.5,429.4,1.2,35,2.5
actual,2017-09-09 13:00,0,19.6,42,27.4,228,86.1,21.7,434.6,9.8,38.5,19.2
actual,2017-09-10 13:00,0,21.5,54,16.7,184,86.8,23.5,440.2,6.3,41.5,14.3
actual,2017-09-11 13:00,0.8,21.2,40,32.8,261,88.1,25.9,445.7,17.2,45.2,30.7
-1,2017-08-27 13:00,0,20.2,45,6,180,89.9,63,403,5.7,90.6,20.4
-1,2017-08-28 13:00,0,23.6,48,13,220,89.9,65.7,410.3,8.1,93.8,26.5
-1,2017-08-29 13:00,0,21.3,66,8,350,87.1,67.3,417.1,4.2,95.9,16.8
-1,2017-08-30 13:00,10.6,14.7,54,10,360,54.5,35.6,382.8,0.4,57.7,0.8
-1,2017-08-31 13:00,0,16.8,41,7,210,77,37.7,388.8,1.2,60.7,4.3
-1,2017-09-01 13:00,0,21.6,36,19.3,196.8,88.2,40.3,394.4,8.7,64.2,22.9
-1,2017-09-02 13:00,12,16.3,92.5,21.3,267.6,33.3,19.2,355.6,0,33.8,0
-1,2017-09-03 13:00,3.3,21.1,43.6,19.1,288,68.9,16.2,354.2,1.6,29.1,3.2
-1,2017-09-04 13:00,5.4,9.3,78.3,17,294.9,46.2,10,342.4,0.2,18.7,0.2
-1,2017-09-05 13:00,3.9,7.8,80,21.6,334.4,43.1,6.6,336.7,0.2,12.6,0.1
-1,2017-09-06 13:00,1.6,7.3,66.3,18.2,332,56.7,6.6,339.7,0.8,12.5,0.6
-1,2017-09-07 13:00,0.4,10.6,42.7,11.3,276.2,75.3,7.8,343.3,1.4,14.7,1.2
-1,2017-09-08 13:00,0,17.9,37.2,24.3,239.6,86.8,9.9,348.2,9.2,18.4,12.6
-1,2017-09-09 13:00,0,22.6,44.8,0.9,26.6,88.1,12.2,354,3.4,22.5,6
-1,2017-09-10 13:00,0,24.3,49.8,12.4,274.3,88.2,14.5,360,6.2,26.3,11
-1,2017-09-11 13:00,10.1,7.8,69.6,17.1,22.3,45.9,7.5,330,0.2,14.2,0.2
-2,2017-08-27 13:00,0,20.2,45,6,180,89.9,63,403,5.7,90.6,20.4
-2,2017-08-28 13:00,0,23.6,48,13,220,89.9,65.7,410.3,8.1,93.8,26.5
-2,2017-08-29 13:00,0,21.3,66,8,350,87.1,67.3,417.1,4.2,95.9,16.8
-2,2017-08-30 13:00,10.6,14.7,54,10,360,54.5,35.6,382.8,0.4,57.7,0.8
-2,2017-08-31 13:00,0,16.8,41,7,210,77,37.7,388.8,1.2,60.7,4.3
-2,2017-09-01 13:00,0,22.9,51.1,20.5,183.7,85.9,39.8,394.6,6.7,63.6,19
-2,2017-09-02 13:00,10.9,15.1,64.9,23,302.5,56.3,20.3,359.9,1,35.6,2
-2,2017-09-03 13:00,4.4,11.4,53.4,21.5,293.8,59,14.4,352.4,1.1,26.1,1.7
-2,2017-09-04 13:00,0.8,6.5,54.2,19.2,283.2,71.7,15,355.3,1.7,27.2,3.3
-2,2017-09-05 13:00,3.7,7.2,84.5,12.7,326.8,46.5,10.4,349.6,0.2,19.3,0.2
-2,2017-09-06 13:00,7.9,10.3,82.7,11.2,260,31.4,5.5,328.8,0,10.6,0
-2,2017-09-07 13:00,4.5,12.2,86.4,9.8,158.4,29.4,3.2,321.7,0,6.2,0
-2,2017-09-08 13:00,14.4,8.1,90.8,19.3,351.6,17.4,1.1,280.3,0,2.1,0
-2,2017-09-09 13:00,1.9,11.8,45.1,10.9,310.1,50.3,1.7,284.1,0.3,3.3,0.1
-2,2017-09-10 13:00,0,15.4,35.7,21.1,210.9,79,3.6,288.6,3,6.9,2.4
-2,2017-09-11 13:00,10.1,7.8,69.6,17.1,22.3,44.3,1.7,263.8,0.2,3.3,0.1
-3,2017-08-27 13:00,0,20.2,45,6,180,89.9,63,403,5.7,90.6,20.4
-3,2017-08-28 13:00,0,23.6,48,13,220,89.9,65.7,410.3,8.1,93.8,26.5
-3,2017-08-29 13:00,0,21.3,66,8,350,87.1,67.3,417.1,4.2,95.9,16.8
-3,2017-08-30 13:00,10.6,14.7,54,10,360,54.5,35.6,382.8,0.4,57.7,0.8
-3,2017-08-31 13:00,0,16.8,41,7,210,77,37.7,388.8,1.2,60.7,4.3
-3,2017-09-01 13:00,0,21.9,35,19.4,186.3,88.4,40.4,394.5,9.1,64.3,23.6
-3,2017-09-02 13:00,3.6,23.9,40.9,16.5,276,79.9,32.4,391.3,2.6,53.7,8
-3,2017-09-03 13:00,2.9,16.1,47,27.4,296.3,75.6,27.4,390.2,3.1,46.7,8.7
-3,2017-09-04 13:00,0.3,12.6,45.2,25.6,303.4,84,28.8,394.2,6.7,48.6,16.4
-3,2017-09-05 13:00,0.2,12.6,54.5,17,301.2,85,29.9,398.2,5,50.3,13.3
-3,2017-09-06 13:00,0,14.2,53.3,9.5,114.6,85.6,31.1,402.4,3.7,52.2,10.7
-3,2017-09-07 13:00,16.8,8,94.6,19.3,38.9,23,12.5,342.6,0,23,0
-3,2017-09-08 13:00,4.5,8.4,63.8,9.6,16.1,36.4,8.3,334.4,0,15.6,0
-3,2017-09-09 13:00,0,12.2,46,10,251.5,65.1,9.6,338.3,0.9,17.9,0.7
-3,2017-09-10 13:00,0,13.6,41.6,11.9,245.1,80.5,11.1,342.4,2.2,20.5,3.5
-3,2017-09-11 13:00,10.1,7.8,69.6,17.1,22.3,44.6,5.8,313.7,0.2,11,0.1
-4,2017-08-27 13:00,0,20.2,45,6,180,89.9,63,403,5.7,90.6,20.4
-4,2017-08-28 13:00,0,23.6,48,13,220,89.9,65.7,410.3,8.1,93.8,26.5
-4,2017-08-29 13:00,0,21.3,66,8,350,87.1,67.3,417.1,4.2,95.9,16.8
-4,2017-08-30 13:00,10.6,14.7,54,10,360,54.5,35.6,382.8,0.4,57.7,0.8
-4,2017-08-31 13:00,0,16.8,41,7,210,77,37.7,388.8,1.2,60.7,4.3
-4,2017-09-01 13:00,0,23.3,48.9,20.1,198.9,86.4,40,394.7,7,63.8,19.5
-4,2017-09-02 13:00,18.8,19.1,74.4,19.5,310.6,51.4,17,330.5,0.5,30.2,0.6
-4,2017-09-03 13:00,1.2,19.1,58.1,20,272.3,73.5,18.5,335.7,1.9,32.6,4.3
-4,2017-09-04 13:00,3.9,7.7,59,17,0.4,58.2,13.3,330,0.9,24.2,0.9
-4,2017-09-05 13:00,0.3,11.3,47.7,0.9,189.5,71.5,14.5,333.7,0.7,26.1,0.7
-4,2017-09-06 13:00,0.2,12.4,41,4.3,46.4,81.3,15.9,337.7,1.6,28.4,3.2
-4,2017-09-07 13:00,0,13.9,36.1,9.7,193.4,86.7,17.6,341.9,4.3,31.2,9
-4,2017-09-08 13:00,2.6,11.6,86,19.3,213.8,61.1,14.2,345.7,1.2,25.8,1.8
-4,2017-09-09 13:00,1.1,17.6,48.4,23.1,287,78.5,16,350.5,3.2,28.7,6.5
-4,2017-09-10 13:00,0.7,13.3,38,21.3,291.3,85,17.6,354.7,6.2,31.2,12.1
-4,2017-09-11 13:00,10.1,7.8,69.6,17.1,22.3,45.4,9.1,325,0.2,17,0.2
-5,2017-08-27 13:00,0,20.2,45,6,180,89.9,63,403,5.7,90.6,20.4
-5,2017-08-28 13:00,0,23.6,48,13,220,89.9,65.7,410.3,8.1,93.8,26.5
-5,2017-08-29 13:00,0,21.3,66,8,350,87.1,67.3,417.1,4.2,95.9,16.8
-5,2017-08-30 13:00,10.6,14.7,54,10,360,54.5,35.6,382.8,0.4,57.7,0.8
-5,2017-08-31 13:00,0,16.8,41,7,210,77,37.7,388.8,1.2,60.7,4.3
-5,2017-09-01 13:00,0,21.6,39.3,20.5,205,87.6,40.2,394.4,8.6,64.1,22.6
-5,2017-09-02 13:00,14.2,17.6,83.8,16.8,277.8,42.5,18.3,347.3,0.1,32.4,0.2
-5,2017-09-03 13:00,2.4,20.1,39,30,271.4,76,17.3,352.6,3.7,30.8,7.8
-5,2017-09-04 13:00,7.1,11.4,91.3,24.2,323.3,36.5,9.6,335.1,0.1,18,0
-5,2017-09-05 13:00,5.2,5.5,67.7,12.3,357.1,37.2,5.8,324.2,0,11.1,0
-5,2017-09-06 13:00,0,8.2,53.3,19.1,117.2,63.6,6.5,327.3,1.3,12.5,0.9
-5,2017-09-07 13:00,21.2,4.7,92.7,22.7,21.1,19.4,2.6,263,0,5.2,0
-5,2017-09-08 13:00,10.2,4.7,85.9,23.5,335.7,21.3,0.9,239.2,0,1.7,0
-5,2017-09-09 13:00,0.6,10.9,50.2,13.3,307.1,54.8,1.9,242.8,0.5,3.8,0.2
-5,2017-09-10 13:00,0.6,17.1,42.4,7.6,254.1,76.9,3.8,247.6,1.3,7.3,0.7
-5,2017-09-11 13:00,10.1,7.8,69.6,17.1,22.3,43.9,1.8,225.4,0.2,3.6,0.1
-6,2017-08-27 13:00,0,20.2,45,6,180,89.9,63,403,5.7,90.6,20.4
-6,2017-08-28 13:00,0,23.6,48,13,220,89.9,65.7,410.3,8.1,93.8,26.5
-6,2017-08-29 13:00,0,21.3,66,8,350,87.1,67.3,417.1,4.2,95.9,16.8
-6,2017-08-30 13:00,10.6,14.7,54,10,360,54.5,35.6,382.8,0.4,57.7,0.8
-6,2017-08-31 13:00,0,16.8,41,7,210,77,37.7,388.8,1.2,60.7,4.3
-6,2017-09-01 13:00,0,23.1,34.2,20.5,197.3,88.9,40.6,394.7,10.3,64.6,25.9
-6,2017-09-02 13:00,23.4,20.4,83.1,14.7,272.9,42.1,16.1,313.9,0.1,28.5,0.1
-6,2017-09-03 13:00,2.2,11.6,68.9,27.5,286.3,58.2,14.2,317.7,1.5,25.5,2.5
-6,2017-09-04 13:00,4.2,9.6,62.4,20.1,312.4,54.8,9.8,311.7,0.8,18.2,0.6
-6,2017-09-05 13:00,0,13.3,39.9,12.8,5.7,76.9,11.4,315.8,1.7,20.8,2.5
-6,2017-09-06 13:00,0,14.3,43.5,8.5,334.2,84.2,12.9,320.1,2.9,23.4,5.2
-6,2017-09-07 13:00,1.4,14.6,65.3,20.6,216.8,77.7,13.9,324.4,2.6,25.1,4.9
-6,2017-09-08 13:00,2.8,10.7,83.2,24.2,297.2,58.9,10.7,323.3,1.3,19.8,1.6
-6,2017-09-09 13:00,3.6,8.6,89.3,21.6,309.8,41.8,7.1,319,0.1,13.5,0.1
-6,2017-09-10 13:00,2.4,10.7,48.7,11.6,311.8,57.5,6.2,322.6,0.6,11.9,0.4
-6,2017-09-11 13:00,10.1,7.8,69.6,17.1,22.3,40.1,3.1,295.4,0.1,6.1,0
-7,2017-08-27 13:00,0,20.2,45,6,180,89.9,63,403,5.7,90.6,20.4
-7,2017-08-28 13:00,0,23.6,48,13,220,89.9,65.7,410.3,8.1,93.8,26.5
-7,2017-08-29 13:00,0,21.3,66,8,350,87.1,67.3,417.1,4.2,95.9,16.8
-7,2017-08-30 13:00,10.6,14.7,54,10,360,54.5,35.6,382.8,0.4,57.7,0.8
-7,2017-08-31 13:00,0,16.8,41,7,210,77,37.7,388.8,1.2,60.7,4.3
-7,2017-09-01 13:00,0,21.6,38.2,19.1,176.8,87.7,40.2,394.4,8.1,64.1,21.8
-7,2017-09-02 13:00,11,16.4,65.7,18.6,319.7,55.9,20.5,359.6,0.8,35.9,1.2
-7,2017-09-03 13:00,2.2,14.1,88.6,14,252.4,50.3,17.9,363.8,0.3,31.9,0.4
-7,2017-09-04 13:00,5.8,9.4,76.2,23,276.7,43.8,11,350.2,0.2,20.3,0.2
-7,2017-09-05 13:00,11.5,10.1,89.4,22.2,334.4,25.3,5.3,316.4,0,10.1,0
-7,2017-09-06 13:00,1.6,10.3,51.3,9.2,267.3,50.8,5.7,320,0.3,10.9,0.2
-7,2017-09-07 13:00,4.8,6.5,80,23.8,22.9,41.6,3.1,311.1,0.2,6.1,0.1
-7,2017-09-08 13:00,0.9,9.3,41.3,14.9,231.7,66.3,4.2,314.5,1.2,8.2,0.6
-7,2017-09-09 13:00,10.1,8.2,57.7,14.1,336.4,45.4,2.3,288,0.2,4.5,0.1
-7,2017-09-10 13:00,0.4,10.6,45.2,10.2,281.8,69.1,3.4,291.6,1,6.6,0.5
-7,2017-09-11 13:00,10.1,7.8,69.6,17.1,22.3,42.4,1.6,266.6,0.1,3.2,0
-8,2017-08-27 13:00,0,20.2,45,6,180,89.9,63,403,5.7,90.6,20.4
-8,2017-08-28 13:00,0,23.6,48,13,220,89.9,65.7,410.3,8.1,93.8,26.5
-8,2017-08-29 13:00,0,21.3,66,8,350,87.1,67.3,417.1,4.2,95.9,16.8
-8,2017-08-30 13:00,10.6,14.7,54,10,360,54.5,35.6,382.8,0.4,57.7,0.8
-8,2017-08-31 13:00,0,16.8,41,7,210,77,37.7,388.8,1.2,60.7,4.3
-8,2017-09-01 13:00,0,21.9,31.8,23.6,207.3,89.2,40.5,394.4,12.5,64.5,29.5
-8,2017-09-02 13:00,10,22.1,71.7,13.1,198.3,57.1,21.5,364.8,0.6,37.5,0.9
-8,2017-09-03 13:00,6.3,17.6,45,24.7,277.3,66.5,14.2,350.6,1.9,25.8,3.6
-8,2017-09-04 13:00,2,9.6,85.9,15.2,317.1,56.6,12.5,354,0.7,23,0.7
-8,2017-09-05 13:00,1.9,10.4,60.7,8.7,303.2,61,11.6,357.6,0.7,21.5,0.6
-8,2017-09-06 13:00,1.8,10.9,64,15.7,295.3,65.4,11.1,361.3,1.2,20.6,1.4
-8,2017-09-07 13:00,1.7,8.3,40,17.4,298.4,71.6,11.1,364.5,1.6,20.6,2.3
-8,2017-09-08 13:00,1.6,9.8,60.8,12.5,148.1,69.9,11.1,367.9,1.2,20.6,1.4
-8,2017-09-09 13:00,2,22.1,54.1,20.2,211.2,78,11.2,373.6,2.6,20.9,4.3
-8,2017-09-10 13:00,0.3,16.4,54,8.7,328.6,83.5,12.7,378.3,2.7,23.4,4.8
-8,2017-09-11 13:00,10.1,7.8,69.6,17.1,22.3,45.1,6.6,346.7,0.2,12.6,0.1
-9,2017-08-27 13:00,0,20.2,45,6,180,89.9,63,403,5.7,90.6,20.4
-9,2017-08-28 13:00,0,23.6,48,13,220,89.9,65.7,410.3,8.1,93.8,26.5
-9,2017-08-29 13:00,0,21.3,66,8,350,87.1,67.3,417.1,4.2,95.9,16.8
-9,2017-08-30 13:00,10.6,14.7,54,10,360,54.5,35.6,382.8,0.4,57.7,0.8
-9,2017-08-31 13:00,0,16.8,41,7,210,77,37.7,388.8,1.2,60.7,4.3
-9,2017-09-01 13:00,0,19.8,34.2,13.6,178,87.6,40.2,394.1,6,64,17.5
-9,2017-09-02 13:00,0.3,16.4,73.1,17.6,177.2,84.9,41,398.7,5.1,65.3,15.5
-9,2017-09-03 13:00,32.3,15.6,57.8,21.1,323.3,54.1,15.7,285.9,0.7,27.6,0.8
-9,2017-09-04 13:00,3.5,16.6,54.8,17.3,319.5,64.2,12.4,284.2,1.2,22.4,1.7
-9,2017-09-05 13:00,1.8,12.8,69.1,17.2,325.3,66.9,12,288.2,1.3,21.7,1.9
-9,2017-09-06 13:00,4.6,11.8,82.2,16.9,334.7,47.2,7.6,281.8,0.3,14.3,0.2
-9,2017-09-07 13:00,0.1,17.6,47.1,8.7,329.2,73.7,9.4,286.7,1.1,17.4,0.9
-9,2017-09-08 13:00,0,20.1,43,12,230.2,85.3,11.5,292,4,21,6.7
-9,2017-09-09 13:00,0.4,19.4,63.8,24.8,226.8,85.3,12.9,297.2,7.7,23.2,12.3
-9,2017-09-10 13:00,5.5,17.8,41.8,23,272.1,72.1,9.3,288.7,2.1,17.3,3
-9,2017-09-11 13:00,10.1,7.8,69.6,17.1,22.3,43,4.8,263.9,0.1,9.2,0.1
-10,2017-08-27 13:00,0,20.2,45,6,180,89.9,63,403,5.7,90.6,20.4
-10,2017-08-28 13:00,0,23.6,48,13,220,89.9,65.7,410.3,8.1,93.8,26.5
-10,2017-08-29 13:00,0,21.3,66,8,350,87.1,67.3,417.1,4.2,95.9,16.8
-10,2017-08-30 13:00,10.6,14.7,54,10,360,54.5,35.6,382.8,0.4,57.7,0.8
-10,2017-08-31 13:00,0,16.8,41,7,210,77,37.7,388.8,1.2,60.7,4.3
-10,2017-09-01 13:00,0.1,18.8,50.2,21.3,185.8,85.1,39.5,393.9,6.2,63.2,17.8
-10,2017-09-02 13:00,7.7,21.9,35.5,18.5,269.4,74.4,24.4,373.5,1.9,42,5
-10,2017-09-03 13:00,2.6,12.6,80.7,21.6,299.3,61.3,20.4,377.4,1.3,35.9,3
-10,2017-09-04 13:00,3.4,9.2,57.7,15.8,358.2,57.8,15.5,373,0.8,28.1,0.9
-10,2017-09-05 13:00,0,15.3,32.2,1.8,157.1,77.1,17.5,377.4,1,31.4,1.6
-10,2017-09-06 13:00,0.4,12.9,43.9,5.9,114.5,83.6,18.9,381.5,2.3,33.7,5.4
-10,2017-09-07 13:00,2.2,13.2,52.3,7.8,184.8,71.9,17.3,385.5,1,31.1,1.7
-10,2017-09-08 13:00,10,8.8,87.4,13.8,31.9,31.7,8.7,354.2,0,16.5,0
-10,2017-09-09 13:00,0.7,14.3,52.8,17.7,272.2,64.8,10,358.5,1.3,18.8,1.4
-10,2017-09-10 13:00,0.2,13.8,44.4,19.2,278.6,80.9,11.5,362.7,3.3,21.3,5.6
-10,2017-09-11 13:00,10.1,7.8,69.6,17.1,22.3,44.7,6,332.4,0.2,11.4,0.1
-11,2017-08-27 13:00,0,20.2,45,6,180,89.9,63,403,5.7,90.6,20.4
-11,2017-08-28 13:00,0,23.6,48,13,220,89.9,65.7,410.3,8.1,93.8,26.5
-11,2017-08-29 13:00,0,21.3,66,8,350,87.1,67.3,417.1,4.2,95.9,16.8
-11,2017-08-30 13:00,10.6,14.7,54,10,360,54.5,35.6,382.8,0.4,57.7,0.8
-11,2017-08-31 13:00,0,16.8,41,7,210,77,37.7,388.8,1.2,60.7,4.3
-11,2017-09-01 13:00,4.5,15.3,92.5,17.8,202.2,42.7,25.7,380.6,0.1,44,0.2
-11,2017-09-02 13:00,4.2,19.9,46.2,20.3,286.2,67.4,19.5,374.6,1.6,34.4,3.6
-11,2017-09-03 13:00,10.1,12.7,85.8,14.3,311.6,34.6,9.9,344.3,0,18.5,0
-11,2017-09-04 13:00,2.3,10.6,79,16.1,357.7,45.1,8.2,347.9,0.2,15.4,0.1
-11,2017-09-05 13:00,0.2,12.3,48,14.8,350.2,70.8,9.4,351.8,1.3,17.6,1.5
-11,2017-09-06 13:00,0.2,11.9,49,9.6,350.5,80.5,10.6,355.7,1.9,19.7,3
-11,2017-09-07 13:00,0,14.6,38.2,8.8,151.4,86.2,12.3,360,3.9,22.7,6.8
-11,2017-09-08 13:00,0,16.8,40.7,27.4,136.2,88.1,14.2,364.7,13,25.9,19.4
-11,2017-09-09 13:00,20.3,11.9,94.4,4.6,160,20.1,6.1,298.9,0,11.7,0
-11,2017-09-10 13:00,5.2,17.3,47.6,13.4,253.8,53.8,4.8,291.4,0.5,9.2,0.3
-11,2017-09-11 13:00,10.1,7.8,69.6,17.1,22.3,39.3,2.4,266.4,0.1,4.6,0
-12,2017-08-27 13:00,0,20.2,45,6,180,89.9,63,403,5.7,90.6,20.4
-12,2017-08-28 13:00,0,23.6,48,13,220,89.9,65.7,410.3,8.1,93.8,26.5
-12,2017-08-29 13:00,0,21.3,66,8,350,87.1,67.3,417.1,4.2,95.9,16.8
-12,2017-08-30 13:00,10.6,14.7,54,10,360,54.5,35.6,382.8,0.4,57.7,0.8
-12,2017-08-31 13:00,0,16.8,41,7,210,77,37.7,388.8,1.2,60.7,4.3
-12,2017-09-01 13:00,0,21.1,31.1,13.2,179.5,88.5,40.5,394.3,6.8,64.4,19.1
-12,2017-09-02 13:00,9.4,13.3,95.9,12.4,210.8,27.5,20.9,365.3,0,36.5,0
-12,2017-09-03 13:00,1.5,21.1,40.7,19.7,271.8,72.2,23.2,370.9,1.8,40.1,4.7
-12,2017-09-04 13:00,2.7,16.8,51.4,16.9,291.3,71.8,20.1,375.6,1.6,35.4,3.6
-12,2017-09-05 13:00,0.3,16.1,57.7,5.9,283.8,80.3,21.4,380.2,1.6,37.5,3.8
-12,2017-09-06 13:00,0.2,17.4,58.2,6.3,41.1,83.7,22.7,385,2.5,39.6,6.3
-12,2017-09-07 13:00,0.2,20.4,48.4,13.7,188.5,86.9,24.7,390.4,5.5,42.7,13.1
-12,2017-09-08 13:00,0,23.4,48.6,14,237.6,88,27,396.3,6.5,46.1,15.5
-12,2017-09-09 13:00,0,23.9,28.7,8,92.1,91.4,30.1,402.4,7.8,50.8,18.8
-12,2017-09-10 13:00,0,23.1,61.9,14.9,163.7,88,31.8,408.2,6.8,53.2,17.4
-12,2017-09-11 13:00,10.1,7.8,69.6,17.1,22.3,45.9,15.7,374.1,0.2,28.5,0.3
-13,2017-08-27 13:00,0,20.2,45,6,180,89.9,63,403,5.7,90.6,20.4
-13,2017-08-28 13:00,0,23.6,48,13,220,89.9,65.7,410.3,8.1,93.8,26.5
-13,2017-08-29 13:00,0,21.3,66,8,350,87.1,67.3,417.1,4.2,95.9,16.8
-13,2017-08-30 13:00,10.6,14.7,54,10,360,54.5,35.6,382.8,0.4,57.7,0.8
-13,2017-08-31 13:00,0,16.8,41,7,210,77,37.7,388.8,1.2,60.7,4.3
-13,2017-09-01 13:00,0,21.4,40.6,21.4,200.1,87.3,40.1,394.4,8.6,64,22.7
-13,2017-09-02 13:00,13,21.9,49.6,20.5,290.9,68.3,20.4,352.8,1.7,35.6,3.9
-13,2017-09-03 13:00,4.3,12.9,89.7,20.6,339.3,43.7,13.7,345.9,0.2,24.9,0.2
-13,2017-09-04 13:00,0.1,15.4,38.3,9.2,318.3,72.9,15.5,350.4,1.1,27.9,1.8
-13,2017-09-05 13:00,0.8,12.6,68,18.4,327.6,77,16.3,354.4,2.2,29.2,4.6
-13,2017-09-06 13:00,0.3,16.1,45.4,7.7,310.7,84.3,18,359,2.8,31.9,6.2
-13,2017-09-07 13:00,0.1,13.8,31.9,12.5,339.6,88.3,19.8,363.2,6.3,34.8,13
-13,2017-09-08 13:00,0,14.2,28.2,8.2,317.5,89.9,21.7,367.4,6.4,37.8,13.8
-13,2017-09-09 13:00,0.5,10.8,60.3,17.6,124.7,86.9,22.6,371.1,6.7,39.2,14.5
-13,2017-09-10 13:00,0.7,15.7,50,11.5,100.6,85.3,24.1,375.6,3.9,41.5,9.8
-13,2017-09-11 13:00,10.1,7.8,69.6,17.1,22.3,45.4,12.3,344.3,0.2,22.5,0.2
-14,2017-08-27 13:00,0,20.2,45,6,180,89.9,63,403,5.7,90.6,20.4
-14,2017-08-28 13:00,0,23.6,48,13,220,89.9,65.7,410.3,8.1,93.8,26.5
-14,2017-08-29 13:00,0,21.3,66,8,350,87.1,67.3,417.1,4.2,95.9,16.8
-14,2017-08-30 13:00,10.6,14.7,54,10,360,54.5,35.6,382.8,0.4,57.7,0.8
-14,2017-08-31 13:00,0,16.8,41,7,210,77,37.7,388.8,1.2,60.7,4.3
-14,2017-09-01 13:00,0,20.4,53.9,20.9,185.8,84.8,39.5,394.2,5.9,63.2,17.1
-14,2017-09-02 13:00,3.3,22.6,38.4,22.6,269.7,81.2,32.8,392.3,4,54.2,11.7
-14,2017-09-03 13:00,0.1,20.9,30.9,24.5,283.1,89.7,35.5,397.8,14.2,58,30.5
-14,2017-09-04 13:00,2.4,17.3,54.9,16.6,294.2,76.1,31.6,402.6,1.9,52.9,5.9
-14,2017-09-05 13:00,3,8.1,72.3,16.8,352.4,59.1,25.1,399.2,0.9,43.4,2.1
-14,2017-09-06 13:00,0.2,12.8,43,5.7,335.5,76,26.5,403.2,1.1,45.6,2.9
-14,2017-09-07 13:00,0,17.4,38.9,19.8,224.3,86.3,28.6,408.1,6.8,48.6,16.5
-14,2017-09-08 13:00,0,22.8,48.4,21,228.8,87.8,30.7,413.9,9.1,51.9,21.1
-14,2017-09-09 13:00,0,25.4,29.8,4.3,56.3,91.3,34.1,420.2,6.4,56.7,17.2
-14,2017-09-10 13:00,0.8,18.8,58.5,11.9,83.6,85.3,35.5,425.2,4,58.8,12.2
-14,2017-09-11 13:00,10.1,7.8,69.6,17.1,22.3,45.4,17.7,389.6,0.2,31.8,0.3
-15,2017-08-27 13:00,0,20.2,45,6,180,89.9,63,403,5.7,90.6,20.4
-15,2017-08-28 13:00,0,23.6,48,13,220,89.9,65.7,410.3,8.1,93.8,26.5
-15,2017-08-29 13:00,0,21.3,66,8,350,87.1,67.3,417.1,4.2,95.9,16.8
-15,2017-08-30 13:00,10.6,14.7,54,10,360,54.5,35.6,382.8,0.4,57.7,0.8
-15,2017-08-31 13:00,0,16.8,41,7,210,77,37.7,388.8,1.2,60.7,4.3
-15,2017-09-01 13:00,0,20.9,37.7,21.9,188.1,87.7,40.2,394.3,9.3,64,24
-15,2017-09-02 13:00,12.1,20.4,30.8,20.3,310.1,72.5,21.4,355.8,1.9,37.2,4.7
-15,2017-09-03 13:00,0,19.6,46.5,6.3,320.5,83.5,23.4,361.1,2.4,40.3,6.1
-15,2017-09-04 13:00,6.2,10.7,87.9,17,315.8,41.6,13.9,346.1,0.1,25.2,0.1
-15,2017-09-05 13:00,2.1,13.1,65.2,15.9,5.8,57.7,12.6,350.2,0.8,23.2,0.8
-15,2017-09-06 13:00,1.4,14.3,47.3,12.2,6.3,71.8,14.1,354.5,1.2,25.6,2
-15,2017-09-07 13:00,3.7,10.3,87.3,10,99.1,45.5,9.7,349.6,0.1,18.2,0.1
-15,2017-09-08 13:00,1.9,11.4,83,10.4,246.4,48.7,8.8,353.4,0.2,16.5,0.2
-15,2017-09-09 13:00,0.9,15.9,51.3,9.9,176.2,70.5,10.3,357.9,1,19.1,0.9
-15,2017-09-10 13:00,2,15.3,92.9,11.9,177.4,54.8,8.8,362.4,0.5,16.6,0.4
-15,2017-09-11 13:00,10.1,7.8,69.6,17.1,22.3,39.5,4.5,332.2,0.1,8.8,0
-16,2017-08-27 13:00,0,20.2,45,6,180,89.9,63,403,5.7,90.6,20.4
-16,2017-08-28 13:00,0,23.6,48,13,220,89.9,65.7,410.3,8.1,93.8,26.5
-16,2017-08-29 13:00,0,21.3,66,8,350,87.1,67.3,417.1,4.2,95.9,16.8
-16,2017-08-30 13:00,10.6,14.7,54,10,360,54.5,35.6,382.8,0.4,57.7,0.8
-16,2017-08-31 13:00,0,16.8,41,7,210,77,37.7,388.8,1.2,60.7,4.3
-16,2017-09-01 13:00,0,20.1,43.5,20.4,159.5,86.5,39.9,394.1,7.2,63.7,20
-16,2017-09-02 13:00,6,21.6,47.2,22.1,276.8,73.8,26.5,380.9,2.2,45.1,6.2
-16,2017-09-03 13:00,0.5,14.1,73,18.2,286.1,79,27.2,385.1,2.6,46.3,7.3
-16,2017-09-04 13:00,0.1,11.3,48,17.7,285.4,84.1,28.4,388.8,4.5,48,12
-16,2017-09-05 13:00,3.3,7.8,75.6,18.4,314.3,58.7,21.6,384.3,0.9,37.9,2
-16,2017-09-06 13:00,4.4,8,89,17.6,332.2,37.9,14.5,375.5,0.1,26.5,0.1
-16,2017-09-07 13:00,0.7,8.9,55.5,13.2,355.5,61.3,15.3,378.9,0.9,27.8,1
-16,2017-09-08 13:00,0,10.3,41.9,7.8,346.4,76.6,16.5,382.4,1.3,29.8,2.4
-16,2017-09-09 13:00,0.3,11.4,48.6,8.4,26.1,82.6,17.6,386.2,2.4,31.6,5.2
-16,2017-09-10 13:00,0.1,15.2,36.4,11.9,219,87.4,19.5,390.6,5.4,34.6,11.4
-16,2017-09-11 13:00,10.1,7.8,69.6,17.1,22.3,45.8,10,358,0.2,18.8,0.2
-17,2017-08-27 13:00,0,20.2,45,6,180,89.9,63,403,5.7,90.6,20.4
-17,2017-08-28 13:00,0,23.6,48,13,220,89.9,65.7,410.3,8.1,93.8,26.5
-17,2017-08-29 13:00,0,21.3,66,8,350,87.1,67.3,417.1,4.2,95.9,16.8
-17,2017-08-30 13:00,10.6,14.7,54,10,360,54.5,35.6,382.8,0.4,57.7,0.8
-17,2017-08-31 13:00,0,16.8,41,7,210,77,37.7,388.8,1.2,60.7,4.3
-17,2017-09-01 13:00,0,20.4,37.4,16.2,202.2,87.4,40.1,394.2,6.6,64,18.8
-17,2017-09-02 13:00,10.1,18.9,76,24.7,268.9,56,20.9,363.4,1.1,36.5,2.3
-17,2017-09-03 13:00,0.2,18.4,46.7,21.1,292.9,80.3,22.7,368.4,3.4,39.4,8.4
-17,2017-09-04 13:00,0.1,12.1,43.8,19.6,281.2,85.3,24,372.3,5.9,41.4,13.5
-17,2017-09-05 13:00,0.3,8.7,49.7,16.3,264.3,85.5,24.9,375.6,5.1,42.7,12.4
-17,2017-09-06 13:00,4.9,7.3,84.7,19,294.7,47.2,16.2,364.7,0.3,29.1,0.3
-17,2017-09-07 13:00,6.6,8.8,84.1,11.6,0.5,31.5,9.3,347.9,0,17.4,0
-17,2017-09-08 13:00,1,11.2,45.9,12.3,241.4,60.3,10.5,351.6,0.8,19.5,0.7
-17,2017-09-09 13:00,0.1,16.8,47,17.6,220.5,80.1,12.1,356.3,2.8,22.4,4.9
-17,2017-09-10 13:00,0.8,13.4,72,11.1,326.2,78.6,12.9,360.5,1.7,23.6,3
-17,2017-09-11 13:00,10.1,7.8,69.6,17.1,22.3,44.2,6.7,330.4,0.2,12.7,0.1
-18,2017-08-27 13:00,0,20.2,45,6,180,89.9,63,403,5.7,90.6,20.4
-18,2017-08-28 13:00,0,23.6,48,13,220,89.9,65.7,410.3,8.1,93.8,26.5
-18,2017-08-29 13:00,0,21.3,66,8,350,87.1,67.3,417.1,4.2,95.9,16.8
-18,2017-08-30 13:00,10.6,14.7,54,10,360,54.5,35.6,382.8,0.4,57.7,0.8
-18,2017-08-31 13:00,0,16.8,41,7,210,77,37.7,388.8,1.2,60.7,4.3
-18,2017-09-01 13:00,0,23.1,40.2,17.1,207.1,87.7,40.3,394.7,7.3,64.2,20.2
-18,2017-09-02 13:00,1,19.9,57,20.9,293.5,84,41.9,400,5.3,66.5,16.2
-18,2017-09-03 13:00,0.9,15.3,54.8,24.1,306.5,82.8,43.2,404.4,5.3,68.3,16.4
-18,2017-09-04 13:00,0.5,7.8,71.5,20.7,298.7,82.1,43.7,407.5,4.1,68.9,13.6
-18,2017-09-05 13:00,5.3,6.5,83.5,17.6,345.4,45,28.3,393.5,0.2,47.9,0.3
-18,2017-09-06 13:00,3,7.8,75.6,12,330.3,44.8,22.3,390.3,0.1,39.1,0.2
-18,2017-09-07 13:00,1.4,11.4,61.8,14.2,239.9,61.5,23.2,394.1,0.9,40.4,2
-18,2017-09-08 13:00,1.6,16.9,47,18.7,198,75.5,23.7,398.8,2,41.3,5.3
-18,2017-09-09 13:00,2,19.6,53.8,8.5,291.6,74.5,22.7,404,1.1,39.9,2.7
-18,2017-09-10 13:00,0.5,16.6,62.2,12.7,283.4,81.4,23.9,408.7,2.5,41.7,6.7
-18,2017-09-11 13:00,10.1,7.8,69.6,17.1,22.3,44.7,12.2,374.6,0.2,22.6,0.2
-19,2017-08-27 13:00,0,20.2,45,6,180,89.9,63,403,5.7,90.6,20.4
-19,2017-08-28 13:00,0,23.6,48,13,220,89.9,65.7,410.3,8.1,93.8,26.5
-19,2017-08-29 13:00,0,21.3,66,8,350,87.1,67.3,417.1,4.2,95.9,16.8
-19,2017-08-30 13:00,10.6,14.7,54,10,360,54.5,35.6,382.8,0.4,57.7,0.8
-19,2017-08-31 13:00,0,16.8,41,7,210,77,37.7,388.8,1.2,60.7,4.3
-19,2017-09-01 13:00,0,22.8,34.2,19.8,196.7,88.8,40.5,394.6,9.8,64.5,25
-19,2017-09-02 13:00,10.7,20.6,72.3,18.2,275.1,57.2,20.9,361.7,0.8,36.5,1.5
-19,2017-09-03 13:00,1.8,17.9,61.9,16.1,227.3,69.5,20.3,366.6,1.4,35.7,3.2
-19,2017-09-04 13:00,4.5,9.2,67.3,22,299.4,55.4,13.9,358.2,0.9,25.3,0.9
-19,2017-09-05 13:00,0.3,10.3,44.4,14.8,322.8,75,15,361.7,1.6,27.2,3
-19,2017-09-06 13:00,0.4,16.4,40.8,22.1,202.3,85.5,16.8,366.4,6.9,30.2,13
-19,2017-09-07 13:00,0,23.4,51.6,25.6,202.2,87.4,19,372.3,10.7,33.6,19.1
-19,2017-09-08 13:00,3.1,19.6,36.2,26.8,267.5,80.9,16.5,371.1,4.8,29.7,9.6
-19,2017-09-09 13:00,0.7,17.3,43,21.4,289.1,85.8,18.3,375.9,6.9,32.7,13.6
-19,2017-09-10 13:00,0.2,12.6,49.8,20.9,297.4,86.1,19.6,379.8,7,34.7,14.2
-19,2017-09-11 13:00,10.1,7.8,69.6,17.1,22.3,45.6,10.1,348.2,0.2,18.8,0.2
-20,2017-08-27 13:00,0,20.2,45,6,180,89.9,63,403,5.7,90.6,20.4
-20,2017-08-28 13:00,0,23.6,48,13,220,89.9,65.7,410.3,8.1,93.8,26.5
-20,2017-08-29 13:00,0,21.3,66,8,350,87.1,67.3,417.1,4.2,95.9,16.8
-20,2017-08-30 13:00,10.6,14.7,54,10,360,54.5,35.6,382.8,0.4,57.7,0.8
-20,2017-08-31 13:00,0,16.8,41,7,210,77,37.7,388.8,1.2,60.7,4.3
-20,2017-09-01 13:00,0,20.1,44.9,20.3,185.4,86.2,39.8,394.1,6.9,63.6,19.4
-20,2017-09-02 13:00,5.9,14.8,92.1,21.6,219.3,41.6,24.6,379.7,0.1,42.3,0.2
-20,2017-09-03 13:00,4.2,9.4,71.2,26.1,267.7,48.3,17.3,372.2,0.5,31,0.6
-20,2017-09-04 13:00,6.2,9.9,87.7,22.3,308.9,33.7,10.1,356.7,0,18.9,0
-20,2017-09-05 13:00,2.9,9.4,50.2,16.4,338,53.2,8.1,354.9,0.5,15.3,0.4
-20,2017-09-06 13:00,0.2,9.3,46.5,6.5,277,70.9,9.1,358.3,0.9,17.1,0.7
-20,2017-09-07 13:00,5.5,5.3,85,17.9,319.5,40,5.1,345.4,0.1,9.9,0.1
-20,2017-09-08 13:00,3.8,11.8,51.4,8.3,301.6,50.6,3.8,340.4,0.3,7.4,0.1
-20,2017-09-09 13:00,0,18.1,48.2,21.9,224.3,78.3,5.6,345.4,2.9,10.8,3.1
-20,2017-09-10 13:00,0,19.8,61.4,9.5,89.3,83.3,7,350.6,2.7,13.4,3.3
-20,2017-09-11 13:00,10.1,7.8,69.6,17.1,22.3,45.1,3.6,321.3,0.2,7,0.1
-21,2017-08-27 13:00,0,20.2,45,6,180,89.9,63,403,5.7,90.6,20.4
-21,2017-08-28 13:00,0,23.6,48,13,220,89.9,65.7,410.3,8.1,93.8,26.5
-21,2017-08-29 13:00,0,21.3,66,8,350,87.1,67.3,417.1,4.2,95.9,16.8
-21,2017-08-30 13:00,10.6,14.7,54,10,360,54.5,35.6,382.8,0.4,57.7,0.8
-21,2017-08-31 13:00,0,16.8,41,7,210,77,37.7,388.8,1.2,60.7,4.3
-21,2017-09-01 13:00,0,20.1,37,21,199.9,87.6,40.1,394.1,8.7,64,22.9
-21,2017-09-02 13:00,9,22.4,47,18.4,267.5,70.8,23.1,368.3,1.6,39.9,4.2
-21,2017-09-03 13:00,2.9,17.6,67.1,20.8,312.7,67.8,19,367.6,1.7,33.7,3.7
-21,2017-09-04 13:00,5.1,12.3,54.8,12.6,286.8,57,12.9,357.3,0.6,23.6,0.6
-21,2017-09-05 13:00,1,13.3,48.5,15.4,299.1,73.8,14.2,361.3,1.6,25.8,2.8
-21,2017-09-06 13:00,0,10.8,38.7,18.8,278,83.7,15.5,365,4.6,28,8.8
-21,2017-09-07 13:00,0.1,8.3,56.2,14.4,308,84.2,16.2,368.2,3.9,29.2,7.9
-21,2017-09-08 13:00,6,7,90.4,17.3,292.1,38.3,9.4,353.1,0.1,17.7,0.1
-21,2017-09-09 13:00,11.1,7.7,89.1,12.4,18.2,20.3,4.5,320.1,0,8.7,0
-21,2017-09-10 13:00,0.4,11.7,47.4,11.8,246.7,55.2,5.7,323.9,0.5,10.9,0.3
-21,2017-09-11 13:00,10.1,7.8,69.6,17.1,22.3,39.6,2.9,296.7,0.1,5.6,0
-22,2017-08-27 13:00,0,20.2,45,6,180,89.9,63,403,5.7,90.6,20.4
-22,2017-08-28 13:00,0,23.6,48,13,220,89.9,65.7,410.3,8.1,93.8,26.5
-22,2017-08-29 13:00,0,21.3,66,8,350,87.1,67.3,417.1,4.2,95.9,16.8
-22,2017-08-30 13:00,10.6,14.7,54,10,360,54.5,35.6,382.8,0.4,57.7,0.8
-22,2017-08-31 13:00,0,16.8,41,7,210,77,37.7,388.8,1.2,60.7,4.3
-22,2017-09-01 13:00,0,18.4,42.2,15.3,203.6,86,39.7,393.8,5.2,63.5,15.6
-22,2017-09-02 13:00,4.5,16.6,91,13.7,275.1,46.6,27.2,385.6,0.2,46.3,0.3
-22,2017-09-03 13:00,0.2,17.3,68.9,9.4,310.4,67.5,28.3,390.4,0.9,47.9,2.5
-22,2017-09-04 13:00,0.1,12.1,36.3,13.3,327.2,81.8,29.7,394.3,2.7,50.1,8
-22,2017-09-05 13:00,0,13.8,38.2,8.4,301,86.5,31.4,398.5,3.9,52.5,11.3
-22,2017-09-06 13:00,0.1,13.3,44.4,5.5,78.7,87,32.8,402.6,3.7,54.5,10.9
-22,2017-09-07 13:00,3.6,10.3,68.4,11.5,41.2,60.1,24.6,397,0.7,42.6,1.4
-22,2017-09-08 13:00,1.3,9.6,87,7.5,196.7,57.2,24.8,400.4,0.5,43,0.7
-22,2017-09-09 13:00,1,12.1,47.4,9.5,240.5,71.7,26.1,404.3,1.1,44.9,2.8
-22,2017-09-10 13:00,0,15.3,53.3,7.6,275.4,80.9,27.4,408.8,1.8,47,5.3
-22,2017-09-11 13:00,10.1,7.8,69.6,17.1,22.3,44.7,13.8,374.6,0.2,25.3,0.2
-23,2017-08-27 13:00,0,20.2,45,6,180,89.9,63,403,5.7,90.6,20.4
-23,2017-08-28 13:00,0,23.6,48,13,220,89.9,65.7,410.3,8.1,93.8,26.5
-23,2017-08-29 13:00,0,21.3,66,8,350,87.1,67.3,417.1,4.2,95.9,16.8
-23,2017-08-30 13:00,10.6,14.7,54,10,360,54.5,35.6,382.8,0.4,57.7,0.8
-23,2017-08-31 13:00,0,16.8,41,7,210,77,37.7,388.8,1.2,60.7,4.3
-23,2017-09-01 13:00,0,19.8,55.9,16.6,192.5,84.2,39.4,394.1,4.3,63,13.5
-23,2017-09-02 13:00,16.8,17.1,81.4,15.5,282.1,42.1,17,337.3,0.1,30.2,0.1
-23,2017-09-03 13:00,0.2,19.6,57.6,11.5,255.5,71.3,18.6,342.5,1.2,32.7,2.3
-23,2017-09-04 13:00,6.7,12.3,54.9,13.3,1.6,54.8,11.4,326.9,0.5,21,0.5
-23,2017-09-05 13:00,1.6,9.3,80.4,21.8,337.7,58.9,11.2,330.2,1.1,20.6,1.3
-23,2017-09-06 13:00,0.5,13.8,59.1,17.1,325.3,75.8,12.3,334.4,1.9,22.5,3.2
-23,2017-09-07 13:00,0,17.1,50.6,6.2,20.6,83.2,13.9,339.2,2.3,25.2,4.2
-23,2017-09-08 13:00,0,17.1,54.2,5.4,176.2,85.2,15.4,344,2.8,27.6,5.7
-23,2017-09-09 13:00,0,20.1,60.2,7.7,190.8,85.5,16.9,349.3,3.3,30.1,7
-23,2017-09-10 13:00,0,20.8,60.8,11.7,349.4,85.6,18.4,354.8,4.2,32.6,8.9
-23,2017-09-11 13:00,10.1,7.8,69.6,17.1,22.3,45.5,9.5,325.1,0.2,17.7,0.2
-24,2017-08-27 13:00,0,20.2,45,6,180,89.9,63,403,5.7,90.6,20.4
-24,2017-08-28 13:00,0,23.6,48,13,220,89.9,65.7,410.3,8.1,93.8,26.5
-24,2017-08-29 13:00,0,21.3,66,8,350,87.1,67.3,417.1,4.2,95.9,16.8
-24,2017-08-30 13:00,10.6,14.7,54,10,360,54.5,35.6,382.8,0.4,57.7,0.8
-24,2017-08-31 13:00,0,16.8,41,7,210,77,37.7,388.8,1.2,60.7,4.3
-24,2017-09-01 13:00,0,23.3,53.8,15.8,204.2,85.3,39.7,394.7,4.9,63.5,14.9
-24,2017-09-02 13:00,8,21.4,59.2,16.2,270,65.1,23.3,372.9,1.2,40.3,2.9
-24,2017-09-03 13:00,10.7,17.9,74.9,5.9,259.4,41,12.1,341.5,0.1,22.2,0.1
-24,2017-09-04 13:00,4.4,10.3,82.6,16.3,7.6,37.9,7.8,334.2,0.1,14.7,0
-24,2017-09-05 13:00,0.4,13.9,69,10.3,240.8,60.8,8.6,338.4,0.7,16.2,0.6
-24,2017-09-06 13:00,0,22.3,47.5,18.9,287.7,83,10.8,344.1,4.2,20,6.7
-24,2017-09-07 13:00,0,17.8,53.4,10.5,301,85.5,12.3,349,3.8,22.7,6.7
-24,2017-09-08 13:00,0,23.1,46.7,12.7,222.7,87.9,14.6,354.9,6.1,26.5,10.9
-24,2017-09-09 13:00,0.6,20.1,43.4,18.6,279.6,88,16.8,360.2,8.2,30.1,14.9
-24,2017-09-10 13:00,0.6,16.6,52.4,1,225,86,18.3,364.9,2.6,32.5,5.7
-24,2017-09-11 13:00,10.1,7.8,69.6,17.1,22.3,45.6,9.5,334.4,0.2,17.7,0.2
-25,2017-08-27 13:00,0,20.2,45,6,180,89.9,63,403,5.7,90.6,20.4
-25,2017-08-28 13:00,0,23.6,48,13,220,89.9,65.7,410.3,8.1,93.8,26.5
-25,2017-08-29 13:00,0,21.3,66,8,350,87.1,67.3,417.1,4.2,95.9,16.8
-25,2017-08-30 13:00,10.6,14.7,54,10,360,54.5,35.6,382.8,0.4,57.7,0.8
-25,2017-08-31 13:00,0,16.8,41,7,210,77,37.7,388.8,1.2,60.7,4.3
-25,2017-09-01 13:00,0,18.1,53,16,189,84.2,39.4,393.8,4.3,63,13.3
-25,2017-09-02 13:00,4.7,17.3,85.6,12.4,260,50.7,26.8,385,0.3,45.6,0.5
-25,2017-09-03 13:00,5.5,19.4,64.9,12.7,295.1,55.9,17.7,373.5,0.6,31.7,0.7
-25,2017-09-04 13:00,3,6.8,83.7,25.1,344.2,48,13.5,370.4,0.4,24.7,0.5
-25,2017-09-05 13:00,0.7,7.8,66.7,13.3,347.5,63.4,14,373.5,1,25.7,1.1
-25,2017-09-06 13:00,0.3,9.8,44.4,11.5,308.7,77.7,15.1,377,1.6,27.5,3.1
-25,2017-09-07 13:00,0,14.9,44.8,6.5,263.7,84.2,16.7,381.4,2.6,30.1,5.6
-25,2017-09-08 13:00,0,20.8,48.3,12.7,235.4,87.1,18.7,386.8,5.3,33.4,11.1
-25,2017-09-09 13:00,0,22.6,56.5,4.7,212.5,87.1,20.5,392.6,3.6,36.3,8.4
-25,2017-09-10 13:00,0,24.4,58.9,7.4,227,87.1,22.4,398.7,4.1,39.3,9.9
-25,2017-09-11 13:00,10.1,7.8,69.6,17.1,22.3,45.7,11.5,365.4,0.2,21.3,0.2
-26,2017-08-27 13:00,0,20.2,45,6,180,89.9,63,403,5.7,90.6,20.4
-26,2017-08-28 13:00,0,23.6,48,13,220,89.9,65.7,410.3,8.1,93.8,26.5
-26,2017-08-29 13:00,0,21.3,66,8,350,87.1,67.3,417.1,4.2,95.9,16.8
-26,2017-08-30 13:00,10.6,14.7,54,10,360,54.5,35.6,382.8,0.4,57.7,0.8
-26,2017-08-31 13:00,0,16.8,41,7,210,77,37.7,388.8,1.2,60.7,4.3
-26,2017-09-01 13:00,0,20.3,47.4,16,202.5,85.6,39.7,394.2,5.2,63.5,15.5
-26,2017-09-02 13:00,11.7,18.6,69.4,13.1,301.5,53.1,19.8,357.1,0.4,34.8,0.6
-26,2017-09-03 13:00,3.9,10.3,80.4,19.8,323.1,46.3,13.9,351.1,0.3,25.4,0.3
-26,2017-09-04 13:00,1.1,10.8,50.7,12.7,355.1,65.9,15,354.8,1,27.1,1.5
-26,2017-09-05 13:00,0.3,11.2,46.7,14,334.1,79.2,16.2,358.5,2.1,29,4.4
-26,2017-09-06 13:00,1.1,12.8,54.2,11.5,308.7,78.7,17.3,362.5,1.8,30.9,3.8
-26,2017-09-07 13:00,1.1,14.7,57.4,17.3,225,79.3,18.5,366.8,2.5,32.8,5.7
-26,2017-09-08 13:00,1.8,9.8,39.4,13.9,301.2,75.5,18,370.3,1.6,32.2,3.4
-26,2017-09-09 13:00,0,13.7,48.4,5.9,346,82.5,19.4,374.5,2,34.3,4.7
-26,2017-09-10 13:00,0.9,16.9,61.7,9.9,190.5,81,20.6,379.2,2.1,36.3,5.1
-26,2017-09-11 13:00,10.1,7.8,69.6,17.1,22.3,44.7,10.6,347.6,0.2,19.7,0.2
-27,2017-08-27 13:00,0,20.2,45,6,180,89.9,63,403,5.7,90.6,20.4
-27,2017-08-28 13:00,0,23.6,48,13,220,89.9,65.7,410.3,8.1,93.8,26.5
-27,2017-08-29 13:00,0,21.3,66,8,350,87.1,67.3,417.1,4.2,95.9,16.8
-27,2017-08-30 13:00,10.6,14.7,54,10,360,54.5,35.6,382.8,0.4,57.7,0.8
-27,2017-08-31 13:00,0,16.8,41,7,210,77,37.7,388.8,1.2,60.7,4.3
-27,2017-09-01 13:00,11.4,13.4,96.4,18.3,199.5,23.2,17.8,352.4,0,31.7,0
-27,2017-09-02 13:00,6.8,20.1,59.9,14.8,256,52.9,11.4,337.6,0.5,21.1,0.4
-27,2017-09-03 13:00,1.6,16.8,62.7,15.9,303,67.9,11.8,342.4,1.3,21.7,1.8
-27,2017-09-04 13:00,0,18.3,49.1,9.7,153.4,81.6,13.5,347.3,2.2,24.7,4.1
-27,2017-09-05 13:00,5.4,22.1,79.2,7,158.8,53.3,8.7,338.2,0.3,16.4,0.3
-27,2017-09-06 13:00,0.1,20.8,47.4,10.3,245.2,78.5,10.8,343.6,1.7,20,2.4
-27,2017-09-07 13:00,1.2,13.6,74.6,11.9,264.8,74,11.4,347.7,1.3,21.2,1.8
-27,2017-09-08 13:00,2.1,10.1,70.8,8.7,330.3,63.5,10,351.2,0.8,18.7,0.7
-27,2017-09-09 13:00,0.6,10.7,68.1,5.4,126.9,71.6,10.7,354.9,0.9,19.9,0.8
-27,2017-09-10 13:00,3.5,9.8,84,9.2,149.4,48,7.4,350.6,0.2,14,0.1
-27,2017-09-11 13:00,10.1,7.8,69.6,17.1,22.3,38,3.8,321.3,0.1,7.3,0
-28,2017-08-27 13:00,0,20.2,45,6,180,89.9,63,403,5.7,90.6,20.4
-28,2017-08-28 13:00,0,23.6,48,13,220,89.9,65.7,410.3,8.1,93.8,26.5
-28,2017-08-29 13:00,0,21.3,66,8,350,87.1,67.3,417.1,4.2,95.9,16.8
-28,2017-08-30 13:00,10.6,14.7,54,10,360,54.5,35.6,382.8,0.4,57.7,0.8
-28,2017-08-31 13:00,0,16.8,41,7,210,77,37.7,388.8,1.2,60.7,4.3
-28,2017-09-01 13:00,0.2,16.4,52.7,14.4,190.1,83.8,39.2,393.5,3.7,62.8,11.9
-28,2017-09-02 13:00,3.5,17.1,90.6,11.8,250.5,51,29.5,389.6,0.3,49.6,0.6
-28,2017-09-03 13:00,2.8,8.1,63,21.9,306.3,56.4,24.2,392.8,1,41.9,2.2
-28,2017-09-04 13:00,0.4,9.6,55.8,17.6,312.5,73.4,25,396.2,1.7,43.2,4.7
-28,2017-09-05 13:00,0.1,12.4,48.3,11.1,324.3,81.9,26.3,400.2,2.5,45.1,6.9
-28,2017-09-06 13:00,0.4,19.6,55.4,9.8,293.9,85.2,27.9,405.4,3.6,47.6,9.8
-28,2017-09-07 13:00,0,21.9,56,11.5,231.8,86.4,29.7,411,4.5,50.3,12.3
-28,2017-09-08 13:00,0,19.4,42.1,18.9,296.5,88.3,31.8,416.3,8.7,53.4,20.8
-28,2017-09-09 13:00,0.1,23.9,43.6,21.1,213.2,89.1,34.3,422.3,10.8,57.1,25.2
-28,2017-09-10 13:00,1.6,22.9,76.8,6.1,273.4,75.4,34,428.1,1.1,56.8,3.4
-28,2017-09-11 13:00,10.1,7.8,69.6,17.1,22.3,43.7,16.8,392.2,0.2,30.3,0.2
-29,2017-08-27 13:00,0,20.2,45,6,180,89.9,63,403,5.7,90.6,20.4
-29,2017-08-28 13:00,0,23.6,48,13,220,89.9,65.7,410.3,8.1,93.8,26.5
-29,2017-08-29 13:00,0,21.3,66,8,350,87.1,67.3,417.1,4.2,95.9,16.8
-29,2017-08-30 13:00,10.6,14.7,54,10,360,54.5,35.6,382.8,0.4,57.7,0.8
-29,2017-08-31 13:00,0,16.8,41,7,210,77,37.7,388.8,1.2,60.7,4.3
-29,2017-09-01 13:00,0,19.3,58.6,22.8,217.9,83.9,39.2,394,5.7,62.8,16.7
-29,2017-09-02 13:00,18.5,21.6,54.7,14.4,283,61.6,17.7,331.6,0.9,31.2,1.5
-29,2017-09-03 13:00,0,18.3,55.7,5.4,183.8,77,19.2,336.6,1.1,33.6,2.3
-29,2017-09-04 13:00,1.6,15.7,61.4,13.2,342.6,74.6,19.4,341.1,1.5,33.9,3.2
-29,2017-09-05 13:00,5.4,9.4,66,16.3,352.4,52.9,12.3,329.8,0.5,22.6,0.5
-29,2017-09-06 13:00,0,16.8,57.4,9.4,270,73.4,13.7,334.5,1.1,24.9,1.7
-29,2017-09-07 13:00,0,23.3,44.1,13.5,290.8,86.1,16.1,340.4,4.9,28.8,9.5
-29,2017-09-08 13:00,0,23.4,51.9,8.1,190.3,87.3,18.2,346.3,4.4,32.2,9.2
-29,2017-09-09 13:00,0,23.1,50.2,6.1,266.6,87.7,20.4,352.2,4.2,35.6,9.5
-29,2017-09-10 13:00,0,20.4,43.6,6.9,51.3,88.4,22.5,357.6,4.8,38.9,11.2
-29,2017-09-11 13:00,10.1,7.8,69.6,17.1,22.3,46,11.5,327.7,0.2,21.2,0.2
-30,2017-08-27 13:00,0,20.2,45,6,180,89.9,63,403,5.7,90.6,20.4
-30,2017-08-28 13:00,0,23.6,48,13,220,89.9,65.7,410.3,8.1,93.8,26.5
-30,2017-08-29 13:00,0,21.3,66,8,350,87.1,67.3,417.1,4.2,95.9,16.8
-30,2017-08-30 13:00,10.6,14.7,54,10,360,54.5,35.6,382.8,0.4,57.7,0.8
-30,2017-08-31 13:00,0,16.8,41,7,210,77,37.7,388.8,1.2,60.7,4.3
-30,2017-09-01 13:00,0.2,18.8,53.4,15.9,186.5,84.3,39.4,393.9,4.3,63,13.4
-30,2017-09-02 13:00,9.5,19.6,63.2,12.7,184.9,58.2,21.4,365.6,0.7,37.3,0.9
-30,2017-09-03 13:00,3.6,17.4,54.5,20.5,259.9,66.6,16.7,362,1.6,29.9,3.2
-30,2017-09-04 13:00,4.8,10.9,87.9,20.5,285.3,42.2,10.6,352.5,0.1,19.7,0.1
-30,2017-09-05 13:00,9.2,10.3,91,17.6,337.1,23.5,5.3,326.9,0,10.2,0
-30,2017-09-06 13:00,3.1,9.9,60.9,11.3,309.8,43,3.9,324.7,0.1,7.6,0.1
-30,2017-09-07 13:00,3.1,9.3,77.8,14.9,344.6,44.8,2.5,322.4,0.2,4.9,0.1
-30,2017-09-08 13:00,1.1,11.2,49.5,15.2,306.3,66.4,3.6,326.1,1.2,7,0.6
-30,2017-09-09 13:00,0,17.1,42.6,17.1,255.4,82.9,5.5,330.9,3.8,10.5,4.2
-30,2017-09-10 13:00,0.1,15.1,45,7.1,66,86,7,335.3,3.5,13.4,4.4
-30,2017-09-11 13:00,10.1,7.8,69.6,17.1,22.3,45.5,3.6,307.1,0.2,7,0.1
-31,2017-08-27 13:00,0,20.2,45,6,180,89.9,63,403,5.7,90.6,20.4
-31,2017-08-28 13:00,0,23.6,48,13,220,89.9,65.7,410.3,8.1,93.8,26.5
-31,2017-08-29 13:00,0,21.3,66,8,350,87.1,67.3,417.1,4.2,95.9,16.8
-31,2017-08-30 13:00,10.6,14.7,54,10,360,54.5,35.6,382.8,0.4,57.7,0.8
-31,2017-08-31 13:00,0,16.8,41,7,210,77,37.7,388.8,1.2,60.7,4.3
-31,2017-09-01 13:00,0,20.8,47.3,14.6,218,85.7,39.8,394.3,4.9,63.5,14.8
-31,2017-09-02 13:00,0.9,18.4,74.4,17.4,198.1,80.7,40.7,399.3,2.9,64.8,10
-31,2017-09-03 13:00,21.3,10.7,94.6,18.1,265.4,21.3,16,323.6,0,28.5,0
-31,2017-09-04 13:00,0.5,18.1,58.6,8.7,231.7,57,17.4,328.6,0.5,30.8,0.6
-31,2017-09-05 13:00,0,17.9,54.5,7.2,40.9,75.8,19,333.5,1.2,33.2,2.3
-31,2017-09-06 13:00,32.3,12.3,58.7,8.9,284,42,8.2,235.8,0.1,15.2,0.1
-31,2017-09-07 13:00,0,17.1,52,14.2,239.5,71.8,9.8,240.6,1.4,17.8,1.5
-31,2017-09-08 13:00,0,17.6,53,7.8,103.4,81.7,11.4,245.4,2,20.4,3.2
-31,2017-09-09 13:00,3.1,12.4,93.2,15.8,114.2,49.7,8.1,244.7,0.3,15,0.3
-31,2017-09-10 13:00,5,13.1,78.5,15.8,287.2,44.3,5,238.4,0.2,9.4,0.1
-31,2017-09-11 13:00,10.1,7.8,69.6,17.1,22.3,37.2,2.5,216.8,0,4.8,0
-32,2017-08-27 13:00,0,20.2,45,6,180,89.9,63,403,5.7,90.6,20.4
-32,2017-08-28 13:00,0,23.6,48,13,220,89.9,65.7,410.3,8.1,93.8,26.5
-32,2017-08-29 13:00,0,21.3,66,8,350,87.1,67.3,417.1,4.2,95.9,16.8
-32,2017-08-30 13:00,10.6,14.7,54,10,360,54.5,35.6,382.8,0.4,57.7,0.8
-32,2017-08-31 13:00,0,16.8,41,7,210,77,37.7,388.8,1.2,60.7,4.3
-32,2017-09-01 13:00,0,20.3,50,23.9,217,85.6,39.6,394.2,7.6,63.4,20.6
-32,2017-09-02 13:00,12.5,20.4,55.4,14,292.6,61.5,20,354.3,0.9,35,1.7
-32,2017-09-03 13:00,0.5,19.4,39.1,18.4,271.1,83.4,22.2,359.5,4.3,38.5,10.1
-32,2017-09-04 13:00,2.5,10.8,72,19.2,308,66.5,18.8,363.1,1.5,33.3,3.2
-32,2017-09-05 13:00,6.3,8.3,88.7,14.7,329,34.6,11,347.5,0,20.3,0
-32,2017-09-06 13:00,0.9,14.4,56,11.4,280.9,62.1,12.2,351.8,0.8,22.4,0.8
-32,2017-09-07 13:00,0.3,18.6,44.9,18.6,328.5,82.1,14.1,356.9,3.7,25.7,6.9
-32,2017-09-08 13:00,0,19.4,47.6,14.2,234.3,86.5,16,362.1,5.3,28.9,10.2
-32,2017-09-09 13:00,0,25.4,41,14.2,262.7,89.4,18.8,368.3,8.1,33.4,15.4
-32,2017-09-10 13:00,0.1,19.6,47.9,9.4,357.8,89.3,20.7,373.6,6.2,36.4,13.2
-32,2017-09-11 13:00,10.1,7.8,69.6,17.1,22.3,46.1,10.7,342.4,0.2,19.8,0.2
-33,2017-08-27 13:00,0,20.2,45,6,180,89.9,63,403,5.7,90.6,20.4
-33,2017-08-28 13:00,0,23.6,48,13,220,89.9,65.7,410.3,8.1,93.8,26.5
-33,2017-08-29 13:00,0,21.3,66,8,350,87.1,67.3,417.1,4.2,95.9,16.8
-33,2017-08-30 13:00,10.6,14.7,54,10,360,54.5,35.6,382.8,0.4,57.7,0.8
-33,2017-08-31 13:00,0,16.8,41,7,210,77,37.7,388.8,1.2,60.7,4.3
-33,2017-09-01 13:00,0,20.4,59.3,19.6,212.2,83.9,39.3,394.2,4.9,62.9,14.8
-33,2017-09-02 13:00,18,18.8,74.7,16.6,273.7,49.2,16.9,333.1,0.3,30,0.4
-33,2017-09-03 13:00,3.2,7.3,67,17.7,333.4,50.8,12.7,329.8,0.4,23.2,0.4
-33,2017-09-04 13:00,0,11.8,47.4,12.3,328.2,72.7,13.9,333.6,1.3,25.3,2.1
-33,2017-09-05 13:00,0,15.6,44.3,7.2,233.1,82.8,15.6,338.1,2.3,28,4.5
-33,2017-09-06 13:00,0.7,18.1,75.2,7.5,125.2,80.7,16.4,343.1,1.8,29.4,3.7
-33,2017-09-07 13:00,0,23.1,65.1,13,176.8,84.2,17.9,348.9,3.6,31.8,7.8
-33,2017-09-08 13:00,4.1,19.1,88.1,13.5,208.6,52.2,12.4,344.2,0.4,22.7,0.4
-33,2017-09-09 13:00,2.7,18.1,48.4,22.5,291.6,70.9,11,349.1,2,20.4,3.2
-33,2017-09-10 13:00,0,21.3,37.2,11.9,256,86,13.5,354.6,4.4,24.7,8
-33,2017-09-11 13:00,10.1,7.8,69.6,17.1,22.3,45.6,7,325,0.2,13.3,0.2
-34,2017-08-27 13:00,0,20.2,45,6,180,89.9,63,403,5.7,90.6,20.4
-34,2017-08-28 13:00,0,23.6,48,13,220,89.9,65.7,410.3,8.1,93.8,26.5
-34,2017-08-29 13:00,0,21.3,66,8,350,87.1,67.3,417.1,4.2,95.9,16.8
-34,2017-08-30 13:00,10.6,14.7,54,10,360,54.5,35.6,382.8,0.4,57.7,0.8
-34,2017-08-31 13:00,0,16.8,41,7,210,77,37.7,388.8,1.2,60.7,4.3
-34,2017-09-01 13:00,0,20.4,52.4,16.7,212.7,84.9,39.6,394.2,4.8,63.2,14.7
-34,2017-09-02 13:00,6.1,16.9,77,12.5,251.6,53.1,24.7,379.6,0.4,42.5,0.7
-34,2017-09-03 13:00,3.1,11.6,79.9,20.2,321.5,50.9,19.3,376.8,0.5,34.2,0.6
-34,2017-09-04 13:00,1.8,10.7,58,12.2,315,61.8,18.5,380.4,0.8,33,1.3
-34,2017-09-05 13:00,0.7,15.2,68.2,6.5,213.7,71.8,19.4,384.8,0.9,34.5,1.7
-34,2017-09-06 13:00,7.8,10.3,58.8,18.1,6.8,52.3,11.2,362.5,0.5,20.8,0.5
-34,2017-09-07 13:00,0.7,14.8,56.5,13,274.8,72.2,12.4,366.8,1.3,22.9,1.9
-34,2017-09-08 13:00,4.3,15.8,63.2,17.7,296.6,62.5,8.9,360.2,1.1,16.7,0.9
-34,2017-09-09 13:00,2.7,14.6,50.4,7.5,324.8,64.3,7.7,364.6,0.7,14.6,0.6
-34,2017-09-10 13:00,0.9,11.9,60,12,318.6,73.3,8.6,368.4,1.3,16.2,1.2
-34,2017-09-11 13:00,10.1,7.8,69.6,17.1,22.3,43.3,4.4,337.7,0.1,8.6,0.1
-35,2017-08-27 13:00,0,20.2,45,6,180,89.9,63,403,5.7,90.6,20.4
-35,2017-08-28 13:00,0,23.6,48,13,220,89.9,65.7,410.3,8.1,93.8,26.5
-35,2017-08-29 13:00,0,21.3,66,8,350,87.1,67.3,417.1,4.2,95.9,16.8
-35,2017-08-30 13:00,10.6,14.7,54,10,360,54.5,35.6,382.8,0.4,57.7,0.8
-35,2017-08-31 13:00,0,16.8,41,7,210,77,37.7,388.8,1.2,60.7,4.3
-35,2017-09-01 13:00,0,15.9,60.4,19.4,195.1,82.7,38.9,393.4,4.2,62.4,13
-35,2017-09-02 13:00,17.7,18.1,72.6,10.9,287.2,46.3,16.8,333.3,0.2,29.8,0.2
-35,2017-09-03 13:00,0,15.8,66.1,8.2,293.2,66.9,17.8,337.8,0.9,31.5,1.2
-35,2017-09-04 13:00,1.5,6.8,77.2,21.4,317.7,64.8,18.1,340.8,1.5,32,3.3
-35,2017-09-05 13:00,1.5,11.9,49.9,13.2,325,71.9,19.3,344.6,1.3,33.9,2.8
-35,2017-09-06 13:00,0.4,14.8,61.7,4.5,161.6,79,20.4,349,1.3,35.6,2.9
-35,2017-09-07 13:00,0,16.9,59.2,17.2,195.8,83.6,21.7,353.8,4.2,37.6,9.7
-35,2017-09-08 13:00,0,24.4,58.7,17.9,228.3,86.1,23.6,359.9,6,40.5,13.7
-35,2017-09-09 13:00,1.4,19.1,53,15.3,260.5,81.6,25.3,365,2.9,43.1,7.8
-35,2017-09-10 13:00,0,19.9,47.6,5.3,227.7,86,27.2,370.3,3.2,46,8.7
-35,2017-09-11 13:00,10.1,7.8,69.6,17.1,22.3,45.6,13.7,339.4,0.2,24.9,0.2
-36,2017-08-27 13:00,0,20.2,45,6,180,89.9,63,403,5.7,90.6,20.4
-36,2017-08-28 13:00,0,23.6,48,13,220,89.9,65.7,410.3,8.1,93.8,26.5
-36,2017-08-29 13:00,0,21.3,66,8,350,87.1,67.3,417.1,4.2,95.9,16.8
-36,2017-08-30 13:00,10.6,14.7,54,10,360,54.5,35.6,382.8,0.4,57.7,0.8
-36,2017-08-31 13:00,0,16.8,41,7,210,77,37.7,388.8,1.2,60.7,4.3
-36,2017-09-01 13:00,0.1,19.9,55.2,14.2,165.3,84.2,39.4,394.1,3.8,63.1,12.3
-36,2017-09-02 13:00,4.5,20.6,59.5,11.3,247.5,67.2,28.3,386.7,1,47.9,2.8
-36,2017-09-03 13:00,13.2,12.8,91.5,19.8,294.7,27.8,12.7,343.5,0,23.3,0
-36,2017-09-04 13:00,10.1,8.3,72.7,15.3,315,31.6,6.6,314.9,0,12.5,0
-36,2017-09-05 13:00,5,6.3,56.2,15.3,279.5,42,4,305.5,0.1,7.8,0.1
-36,2017-09-06 13:00,5.7,5.2,80.7,11.3,300.6,31.3,1.9,293.8,0,3.7,0
-36,2017-09-07 13:00,2.3,8.8,71.6,5.5,191.3,40.2,1.3,297.1,0,2.6,0
-36,2017-09-08 13:00,0,12.3,52.6,7.4,313,64.5,2.5,301,0.8,4.8,0.3
-36,2017-09-09 13:00,0.4,14.6,71,12.5,221.5,75.2,3.3,305.3,1.5,6.4,0.7
-36,2017-09-10 13:00,1.2,9.4,57.9,17.6,303.3,75.5,4.1,308.7,1.9,7.9,1.1
-36,2017-09-11 13:00,10.1,7.8,69.6,17.1,22.3,43.7,2,282.5,0.2,3.9,0.1
-37,2017-08-27 13:00,0,20.2,45,6,180,89.9,63,403,5.7,90.6,20.4
-37,2017-08-28 13:00,0,23.6,48,13,220,89.9,65.7,410.3,8.1,93.8,26.5
-37,2017-08-29 13:00,0,21.3,66,8,350,87.1,67.3,417.1,4.2,95.9,16.8
-37,2017-08-30 13:00,10.6,14.7,54,10,360,54.5,35.6,382.8,0.4,57.7,0.8
-37,2017-08-31 13:00,0,16.8,41,7,210,77,37.7,388.8,1.2,60.7,4.3
-37,2017-09-01 13:00,0,19.9,54.7,15.3,219.3,84.4,39.4,394.1,4.2,63.1,13.1
-37,2017-09-02 13:00,8.1,14.4,97.3,13.6,197,26.8,21.4,370.6,0,37.4,0
-37,2017-09-03 13:00,4.8,11.9,87,13.4,263.8,28.3,14,361.3,0,25.5,0
-37,2017-09-04 13:00,4.2,11.1,77.5,10,291,34.9,9.4,354.3,0,17.7,0
-37,2017-09-05 13:00,8.3,9.4,96.2,13.9,58.8,14.1,4.7,331.7,0,9,0
-37,2017-09-06 13:00,24.4,7.5,55.2,20.1,296.6,36,2.3,257.2,0,4.5,0
-37,2017-09-07 13:00,2.7,9.9,51,10,334.4,51.9,2,260.7,0.3,3.9,0.1
-37,2017-09-08 13:00,9.4,5.2,54.1,25.9,293.7,45.4,0.9,239.4,0.3,1.7,0.1
-37,2017-09-09 13:00,0.1,11.7,53.5,12.2,289,68.6,1.9,243.2,1.1,3.8,0.4
-37,2017-09-10 13:00,0.9,16.4,83.2,17.3,234.3,71.4,2.4,247.9,1.6,4.8,0.7
-37,2017-09-11 13:00,10.1,7.8,69.6,17.1,22.3,42.9,1.1,225.7,0.1,2.1,0
-38,2017-08-27 13:00,0,20.2,45,6,180,89.9,63,403,5.7,90.6,20.4
-38,2017-08-28 13:00,0,23.6,48,13,220,89.9,65.7,410.3,8.1,93.8,26.5
-38,2017-08-29 13:00,0,21.3,66,8,350,87.1,67.3,417.1,4.2,95.9,16.8
-38,2017-08-30 13:00,10.6,14.7,54,10,360,54.5,35.6,382.8,0.4,57.7,0.8
-38,2017-08-31 13:00,0,16.8,41,7,210,77,37.7,388.8,1.2,60.7,4.3
-38,2017-09-01 13:00,0,19.6,47.4,18,233.1,85.6,39.7,394,5.6,63.4,16.6
-38,2017-09-02 13:00,11.4,11.9,94.7,3,225,23.2,19,356.8,0,33.5,0
-38,2017-09-03 13:00,6.6,13.8,89.4,10,310.6,21.8,11,341.1,0,20.3,0
-38,2017-09-04 13:00,9.9,13.6,95.8,15.4,159.4,11.9,5.3,314.3,0,10.3,0
-38,2017-09-05 13:00,5.9,12.7,79.3,17.8,252.3,31.9,3,303,0,5.8,0
-38,2017-09-06 13:00,5.2,10.8,93.1,19.4,259.3,23.2,1.2,294.1,0,2.4,0
-38,2017-09-07 13:00,1.3,14.4,64.2,19.1,274.3,55.2,2.2,298.4,0.7,4.4,0.3
-38,2017-09-08 13:00,0.4,17.1,56.7,7.9,245.8,74.4,3.6,303.2,1.1,7.1,0.6
-38,2017-09-09 13:00,5.3,13.9,89.7,6.3,256.8,37.9,1.8,294.4,0,3.5,0
-38,2017-09-10 13:00,1.3,12.8,64.4,13.7,293.2,58.8,2.6,298.5,0.8,5.2,0.3
-38,2017-09-11 13:00,10.1,7.8,69.6,17.1,22.3,40.4,1.2,273,0.1,2.4,0
-39,2017-08-27 13:00,0,20.2,45,6,180,89.9,63,403,5.7,90.6,20.4
-39,2017-08-28 13:00,0,23.6,48,13,220,89.9,65.7,410.3,8.1,93.8,26.5
-39,2017-08-29 13:00,0,21.3,66,8,350,87.1,67.3,417.1,4.2,95.9,16.8
-39,2017-08-30 13:00,10.6,14.7,54,10,360,54.5,35.6,382.8,0.4,57.7,0.8
-39,2017-08-31 13:00,0,16.8,41,7,210,77,37.7,388.8,1.2,60.7,4.3
-39,2017-09-01 13:00,0,19.4,64.5,23.3,197,83,39,394,5.2,62.6,15.6
-39,2017-09-02 13:00,38.7,15.6,96,14.5,289.2,17.8,13.1,262.1,0,23.2,0
-39,2017-09-03 13:00,3.7,9.4,74,23.2,302.9,38.6,9.2,258.7,0.1,16.9,0.1
-39,2017-09-04 13:00,2.3,10.4,62.6,12.5,309.2,52.7,7.8,262.3,0.4,14.6,0.3
-39,2017-09-05 13:00,0,15.4,45.2,5.3,289.6,73.9,9.4,266.8,0.9,17.4,0.8
-39,2017-09-06 13:00,0,17.4,54.6,10.8,210,82.5,10.9,271.6,2.6,19.9,4.2
-39,2017-09-07 13:00,0.8,20.4,65.8,17.5,278.3,82.4,12.3,277,3.6,22.1,6.2
-39,2017-09-08 13:00,3.3,12.2,66.5,16.4,285.3,63.8,9.2,275.1,1.1,17,0.9
-39,2017-09-09 13:00,0.3,9.8,43.7,11,308.4,77.9,10.3,278.6,1.6,18.9,2.2
-39,2017-09-10 13:00,0.4,10.2,49.6,16.6,268.8,83.2,11.3,282.1,3.8,20.6,6.3
-39,2017-09-11 13:00,10.1,7.8,69.6,17.1,22.3,45.1,5.9,257.7,0.2,11.1,0.1
-40,2017-08-27 13:00,0,20.2,45,6,180,89.9,63,403,5.7,90.6,20.4
-40,2017-08-28 13:00,0,23.6,48,13,220,89.9,65.7,410.3,8.1,93.8,26.5
-40,2017-08-29 13:00,0,21.3,66,8,350,87.1,67.3,417.1,4.2,95.9,16.8
-40,2017-08-30 13:00,10.6,14.7,54,10,360,54.5,35.6,382.8,0.4,57.7,0.8
-40,2017-08-31 13:00,0,16.8,41,7,210,77,37.7,388.8,1.2,60.7,4.3
-40,2017-09-01 13:00,0.1,16.9,61.9,21.3,206.1,82.8,39,393.6,4.6,62.5,14.1
-40,2017-09-02 13:00,5.8,19.4,58,13,255.6,64.5,25.5,380.6,1,43.7,2.5
-40,2017-09-03 13:00,1,12.2,54,17.7,333.4,75.1,26.6,384.5,1.9,45.4,5.3
-40,2017-09-04 13:00,0.8,12.6,47.9,6.1,315,80,27.9,388.4,1.6,47.3,4.5
-40,2017-09-05 13:00,0.1,15.7,43.9,5.5,97.6,85.2,29.5,392.9,2.9,49.7,8.3
-40,2017-09-06 13:00,0,16.6,43.2,4.7,261.3,87.2,31.3,397.7,3.6,52.4,10.5
-40,2017-09-07 13:00,0,17.8,51.3,9,216.9,87.2,33,402.5,4.5,54.7,12.9
-40,2017-09-08 13:00,0.3,13.9,66.9,15.3,219.3,85.6,33.9,406.8,5,56.1,14
-40,2017-09-09 13:00,2.2,17.3,70.3,9.3,283.5,70.2,30.4,411.6,1,51.3,2.9
-40,2017-09-10 13:00,3.8,8.8,67.7,21.2,290.9,57.2,22.3,404.7,1,39.2,2.1
-40,2017-09-11 13:00,10.1,7.8,69.6,17.1,22.3,40,11.4,370.9,0.1,21.2,0.1
-41,2017-08-27 13:00,0,20.2,45,6,180,89.9,63,403,5.7,90.6,20.4
-41,2017-08-28 13:00,0,23.6,48,13,220,89.9,65.7,410.3,8.1,93.8,26.5
-41,2017-08-29 13:00,0,21.3,66,8,350,87.1,67.3,417.1,4.2,95.9,16.8
-41,2017-08-30 13:00,10.6,14.7,54,10,360,54.5,35.6,382.8,0.4,57.7,0.8
-41,2017-08-31 13:00,0,16.8,41,7,210,77,37.7,388.8,1.2,60.7,4.3
-41,2017-09-01 13:00,0,17.9,56.8,20.6,185,83.8,39.2,393.7,5,62.8,15.1
-41,2017-09-02 13:00,15.8,18.6,67.6,9.7,254.9,49.5,17.7,340.8,0.3,31.4,0.3
-41,2017-09-03 13:00,0,17.9,56.4,11.2,266.3,73.5,19.2,345.7,1.2,33.7,2.6
-41,2017-09-04 13:00,0,13.8,40.6,15.9,298.3,84,20.8,349.9,4.1,36.2,9.4
-41,2017-09-05 13:00,0.3,12.8,60.4,14,124.5,84.3,21.8,353.9,3.9,37.7,9.2
-41,2017-09-06 13:00,19.9,9.9,95.1,6,25,18.8,9,290.6,0,16.7,0
-41,2017-09-07 13:00,4,8.3,84.7,9.3,352.6,24.6,5.7,285.5,0,10.8,0
-41,2017-09-08 13:00,0.4,10.6,63.2,10.7,295.2,51.5,6.5,289.1,0.3,12.2,0.2
-41,2017-09-09 13:00,0,14.4,60.3,7.4,240.9,70.1,7.6,293.5,0.9,14.2,0.7
-41,2017-09-10 13:00,1.8,8.8,87.9,9.8,8.4,57.6,6.6,296.7,0.6,12.6,0.4
-41,2017-09-11 13:00,10.1,7.8,69.6,17.1,22.3,40.1,3.4,271.4,0.1,6.6,0
-42,2017-08-27 13:00,0,20.2,45,6,180,89.9,63,403,5.7,90.6,20.4
-42,2017-08-28 13:00,0,23.6,48,13,220,89.9,65.7,410.3,8.1,93.8,26.5
-42,2017-08-29 13:00,0,21.3,66,8,350,87.1,67.3,417.1,4.2,95.9,16.8
-42,2017-08-30 13:00,10.6,14.7,54,10,360,54.5,35.6,382.8,0.4,57.7,0.8
-42,2017-08-31 13:00,0,16.8,41,7,210,77,37.7,388.8,1.2,60.7,4.3
-42,2017-09-01 13:00,0.3,22.4,62.7,17.6,210.8,83.7,39.3,394.5,4.3,62.9,13.4
-42,2017-09-02 13:00,17.8,21.1,62.3,10.6,279.8,55.2,17.5,334.5,0.5,31,0.6
-42,2017-09-03 13:00,0.2,19.8,49.2,14.2,305.7,79.1,19.4,339.8,2.1,34,4.9
-42,2017-09-04 13:00,4.2,11.4,49.4,10.2,280.1,61.6,14,333.5,0.8,25.4,0.8
-42,2017-09-05 13:00,0.1,16.9,51.4,12.3,265,79,15.6,338.2,1.9,28,3.8
-42,2017-09-06 13:00,0.3,20.1,42.5,9.8,324,86.5,17.8,343.5,4.2,31.5,8.9
-42,2017-09-07 13:00,0,23.6,44.8,9.6,214.3,88.5,20.2,349.5,5.6,35.3,11.9
-42,2017-09-08 13:00,0,24.1,56.6,10.2,225,88.5,22.1,355.5,5.8,38.3,12.8
-42,2017-09-09 13:00,0.6,22.4,62.1,6.4,63.4,85.7,23.7,361.3,3.2,40.8,8.2
-42,2017-09-10 13:00,1.3,23.3,71.2,5.4,180,78.4,25,367.1,1.3,42.7,3.3
-42,2017-09-11 13:00,10.1,7.8,69.6,17.1,22.3,44.2,12.7,336.5,0.2,23.2,0.2
-43,2017-08-27 13:00,0,22.6,36,10.7,175.2,90.3,63.7,403.4,7.7,91.4,25.2
-43,2017-08-28 13:00,0.1,23.9,45.3,14.5,222.6,90.4,66.6,410.8,9.4,94.7,29.4
-43,2017-08-29 13:00,0.2,26.9,39.1,19.8,252.3,90.5,70.1,418.6,12.5,98.8,36.3
-43,2017-08-30 13:00,9,15.6,40.3,15.7,347.5,64.3,39.6,391.1,1.1,63.2,4
-43,2017-08-31 13:00,0,19.1,32.2,1.7,272.5,81.7,42.5,397.5,1.5,67,5.6
-43,2017-09-01 13:00,0,21.6,36,19.3,196.8,88.9,45.1,403.1,9.7,70.4,26
-43,2017-09-02 13:00,12,16.3,92.5,21.3,267.6,33.5,21.8,363.4,0,37.9,0
-43,2017-09-03 13:00,3.3,21.1,43.6,19.1,288,69,18.3,361.8,1.6,32.5,3.5
-43,2017-09-04 13:00,5.4,9.3,78.3,17,294.9,46.2,11.4,349.8,0.2,21.1,0.2
-43,2017-09-05 13:00,3.9,7.8,80,21.6,334.4,43.1,7.6,343.9,0.2,14.5,0.1
-43,2017-09-06 13:00,1.6,7.3,66.3,18.2,332,56.7,7.6,346.9,0.8,14.4,0.6
-43,2017-09-07 13:00,0.4,10.6,42.7,11.3,276.2,75.3,8.8,350.5,1.4,16.5,1.5
-43,2017-09-08 13:00,0,17.9,37.2,24.3,239.6,86.8,10.9,355.4,9.2,20.2,13.2
-43,2017-09-09 13:00,0,22.6,44.8,0.9,26.6,88.1,13.2,361.2,3.4,24.2,6.3
-43,2017-09-10 13:00,0,24.3,49.8,12.4,274.3,88.2,15.5,367.3,6.2,28,11.4
-43,2017-09-11 13:00,10.1,7.8,69.6,17.1,22.3,45.9,8,336.6,0.2,15.2,0.2
-44,2017-08-27 13:00,0,22.9,38.9,10.9,170.7,90.2,63.6,403.5,7.6,91.3,25
-44,2017-08-28 13:00,0.5,24.1,43.8,15.1,223.5,90.2,66.6,410.9,9.5,94.8,29.6
-44,2017-08-29 13:00,1.5,21.1,67,16.4,271,80,68.1,417.7,2.6,96.7,11.5
-44,2017-08-30 13:00,1.3,17.9,44.3,11.1,356.9,81.3,70.3,423.9,2.3,99.4,10.7
-44,2017-08-31 13:00,0,18.8,27.6,7.6,179.7,89.1,73.2,430.3,5.5,102.7,21.1
-44,2017-09-01 13:00,0,22.9,51.1,20.5,183.7,89.1,75.3,436.1,10.7,105.2,33.6
-44,2017-09-02 13:00,10.9,15.1,64.9,23,302.5,56.8,39.5,397.3,1,63.3,3.6
-44,2017-09-03 13:00,4.4,11.4,53.4,21.5,293.8,59.1,28.2,388.7,1.1,47.7,3.2
-44,2017-09-04 13:00,0.8,6.5,54.2,19.2,283.2,71.8,28.8,391.6,1.7,48.7,5.2
-44,2017-09-05 13:00,3.7,7.2,84.5,12.7,326.8,46.5,20.9,385.1,0.2,36.7,0.3
-44,2017-09-06 13:00,7.9,10.3,82.7,11.2,260,31.4,11.4,362.1,0,21.2,0
-44,2017-09-07 13:00,4.5,12.2,86.4,9.8,158.4,29.4,7.2,354.1,0,13.8,0
-44,2017-09-08 13:00,14.4,8.1,90.8,19.3,351.6,17.4,3.2,309.1,0,6.2,0
-44,2017-09-09 13:00,1.9,11.8,45.1,10.9,310.1,50.3,3.5,313,0.3,6.8,0.1
-44,2017-09-10 13:00,0,15.4,35.7,21.1,210.9,79,5.4,317.5,3,10.4,3.2
-44,2017-09-11 13:00,10.1,7.8,69.6,17.1,22.3,44.3,2.7,290.6,0.2,5.3,0.1
-45,2017-08-27 13:00,0,22.6,36.3,12.2,175.8,90.3,63.7,403.5,8.3,91.4,26.5
-45,2017-08-28 13:00,0.1,24.4,43.9,15.4,222.1,90.4,66.7,410.8,9.8,94.9,30.3
-45,2017-08-29 13:00,2.7,21.3,70.6,16.2,262,72.7,55.4,417.7,1.6,83.2,6.8
-45,2017-08-30 13:00,1.8,16.3,43,14.8,347.9,77.1,53.5,423.6,1.8,81.3,7.8
-45,2017-08-31 13:00,0,18.1,27.4,3.9,148.7,87.3,56.4,429.9,3.6,84.9,13.8
-45,2017-09-01 13:00,0,21.9,35,19.4,186.3,90,59.1,435.5,11.4,88.2,32.4
-45,2017-09-02 13:00,3.6,23.9,40.9,16.5,276,80.1,46.1,431.4,2.6,72.7,9.8
-45,2017-09-03 13:00,2.9,16.1,47,27.4,296.3,75.6,38.7,429.7,3.1,63.2,10.5
-45,2017-09-04 13:00,0.3,12.6,45.2,25.6,303.4,84.1,40.1,433.7,6.7,65.1,19.2
-45,2017-09-05 13:00,0.2,12.6,54.5,17,301.2,85,41.2,437.7,5,66.7,15.5
-45,2017-09-06 13:00,0,14.2,53.3,9.5,114.6,85.6,42.5,441.9,3.7,68.5,12.5
-45,2017-09-07 13:00,16.8,8,94.6,19.3,38.9,23,18.1,376.1,0,32.3,0
-45,2017-09-08 13:00,4.5,8.4,63.8,9.6,16.1,36.4,12.2,366.9,0,22.6,0
-45,2017-09-09 13:00,0,12.2,46,10,251.5,65.1,13.5,370.8,0.9,24.7,0.9
-45,2017-09-10 13:00,0,13.6,41.6,11.9,245.1,80.5,15,374.9,2.2,27.3,4.3
-45,2017-09-11 13:00,10.1,7.8,69.6,17.1,22.3,44.6,7.8,343.7,0.2,14.8,0.1
-46,2017-08-27 13:00,0,21.1,48.2,11.6,175.2,89.6,63,403.2,7.2,90.6,24.1
-46,2017-08-28 13:00,4.5,24.1,46.8,14.7,226.4,76.3,45.4,397.3,1.7,70.6,6.7
-46,2017-08-29 13:00,0.6,23.3,51.3,13,283.5,85,47.9,404.5,4,73.9,14
-46,2017-08-30 13:00,2.7,17.4,46.6,10.9,9.3,74.4,41.3,410.7,1.3,66,4.7
-46,2017-08-31 13:00,0,19.3,30.9,6.4,184.5,86.7,44.2,417.1,3.7,69.9,12.7
-46,2017-09-01 13:00,0,23.3,48.9,20.1,198.9,87.9,46.4,423,8.7,72.9,24.5
-46,2017-09-02 13:00,18.8,19.1,74.4,19.5,310.6,51.5,20.3,354.2,0.5,35.6,0.7
-46,2017-09-03 13:00,1.2,19.1,58.1,20,272.3,73.6,21.8,359.4,2,37.9,4.9
-46,2017-09-04 13:00,3.9,7.7,59,17,0.4,58.2,15.8,353.1,0.9,28.4,1
-46,2017-09-05 13:00,0.3,11.3,47.7,0.9,189.5,71.5,16.9,356.9,0.7,30.3,0.8
-46,2017-09-06 13:00,0.2,12.4,41,4.3,46.4,81.4,18.4,360.8,1.6,32.6,3.6
-46,2017-09-07 13:00,0,13.9,36.1,9.7,193.4,86.7,20.1,365,4.3,35.3,9.7
-46,2017-09-08 13:00,2.6,11.6,86,19.3,213.8,61.1,16.4,368.8,1.2,29.5,2.1
-46,2017-09-09 13:00,1.1,17.6,48.4,23.1,287,78.5,18.1,373.7,3.2,32.3,7
-46,2017-09-10 13:00,0.7,13.3,38,21.3,291.3,85,19.7,377.8,6.2,34.9,12.8
-46,2017-09-11 13:00,10.1,7.8,69.6,17.1,22.3,45.4,10.2,346.3,0.2,18.9,0.2
-47,2017-08-27 13:00,0,21.9,40.6,11.8,175.8,90.2,63.4,403.3,8,91.1,25.8
-47,2017-08-28 13:00,0,23.8,45.8,14.3,225,90.2,66.2,410.6,9.1,94.4,28.7
-47,2017-08-29 13:00,0.2,26.6,39,16.2,275.5,90.4,69.7,418.4,10.3,98.4,31.9
-47,2017-08-30 13:00,9.9,15.3,49.6,14.3,349.4,59.8,38,387,0.8,61,2.7
-47,2017-08-31 13:00,0,17.4,33.2,7,235.5,81,40.5,393.1,1.8,64.5,6.5
-47,2017-09-01 13:00,0,21.6,39.3,20.5,205,88.3,43,398.7,9.4,67.7,24.9
-47,2017-09-02 13:00,14.2,17.6,83.8,16.8,277.8,42.6,19.8,351.1,0.1,34.8,0.2
-47,2017-09-03 13:00,2.4,20.1,39,30,271.4,76,18.6,356.4,3.7,33,8.1
-47,2017-09-04 13:00,7.1,11.4,91.3,24.2,323.3,36.5,10.4,338.7,0.1,19.4,0.1
-47,2017-09-05 13:00,5.2,5.5,67.7,12.3,357.1,37.2,6.3,327.7,0,12,0
-47,2017-09-06 13:00,0,8.2,53.3,19.1,117.2,63.6,7.1,330.8,1.3,13.4,0.9
-47,2017-09-07 13:00,21.2,4.7,92.7,22.7,21.1,19.4,2.9,266,0,5.6,0
-47,2017-09-08 13:00,10.2,4.7,85.9,23.5,335.7,21.3,1,241.9,0,2,0
-47,2017-09-09 13:00,0.6,10.9,50.2,13.3,307.1,54.8,2.1,245.6,0.5,4,0.2
-47,2017-09-10 13:00,0.6,17.1,42.4,7.6,254.1,76.9,3.9,250.4,1.3,7.5,0.7
-47,2017-09-11 13:00,10.1,7.8,69.6,17.1,22.3,43.9,1.9,228,0.2,3.7,0.1
-48,2017-08-27 13:00,0,22.1,28,8.2,173.4,91.6,64.1,403.4,8.1,91.7,26.2
-48,2017-08-28 13:00,0.1,22.9,48.9,15.6,217.8,90,66.6,410.5,9.4,94.8,29.4
-48,2017-08-29 13:00,0,26.9,34.4,26.3,257.4,91.3,70.4,418.3,19.4,99.1,48.2
-48,2017-08-30 13:00,1.5,14.8,40.5,13.9,347,82.6,72.3,424,3.1,101.4,13.6
-48,2017-08-31 13:00,0,17.1,31.1,8.9,235.1,88.5,74.9,430.1,5.4,104.4,21
-48,2017-09-01 13:00,0,23.1,34.2,20.5,197.3,90.5,77.7,435.9,13,107.5,38.7
-48,2017-09-02 13:00,23.4,20.4,83.1,14.7,272.9,42.3,34.4,346.9,0.1,55.1,0.2
-48,2017-09-03 13:00,2.2,11.6,68.9,27.5,286.3,58.3,30.7,350.7,1.5,50.4,4.4
-48,2017-09-04 13:00,4.2,9.6,62.4,20.1,312.4,54.8,21.8,343.8,0.8,37.6,1.2
-48,2017-09-05 13:00,0,13.3,39.9,12.8,5.7,77,23.3,347.9,1.7,40,4.2
-48,2017-09-06 13:00,0,14.3,43.5,8.5,334.2,84.2,24.9,352.2,2.9,42.3,7.6
-48,2017-09-07 13:00,1.4,14.6,65.3,20.6,216.8,77.7,25.9,356.5,2.6,43.8,7
-48,2017-09-08 13:00,2.8,10.7,83.2,24.2,297.2,58.9,20.8,355.1,1.3,36.4,2.9
-48,2017-09-09 13:00,3.6,8.6,89.3,21.6,309.8,41.8,14.9,350.1,0.1,27,0.2
-48,2017-09-10 13:00,2.4,10.7,48.7,11.6,311.8,57.5,13.1,353.7,0.6,24,0.6
-48,2017-09-11 13:00,10.1,7.8,69.6,17.1,22.3,40.1,6.8,324.1,0.1,12.9,0.1
-49,2017-08-27 13:00,0,21.9,38.2,12,179,90.2,63.6,403.3,8,91.2,26
-49,2017-08-28 13:00,0,22.8,50.7,13.8,216.7,89.4,66,410.4,7.9,94.1,26.1
-49,2017-08-29 13:00,3.2,19.6,77.9,16.5,226.9,66.2,51.4,409.4,1.3,78.2,5.3
-49,2017-08-30 13:00,5.5,11.1,82.3,12.1,8,42.1,33.2,396.8,0.1,54.9,0.2
-49,2017-08-31 13:00,0,16.9,34.1,4.7,187.1,72.1,35.7,402.9,0.9,58.4,2.7
-49,2017-09-01 13:00,0,21.6,38.2,19.1,176.8,86.9,38.2,408.5,7.2,61.9,19.6
-49,2017-09-02 13:00,11,16.4,65.7,18.6,319.7,55.8,19.3,372.3,0.8,34.2,1
-49,2017-09-03 13:00,2.2,14.1,88.6,14,252.4,50.2,16.8,376.5,0.3,30.3,0.4
-49,2017-09-04 13:00,5.8,9.4,76.2,23,276.7,43.8,10.2,362.3,0.2,19.1,0.2
-49,2017-09-05 13:00,11.5,10.1,89.4,22.2,334.4,25.3,4.9,327.5,0,9.5,0
-49,2017-09-06 13:00,1.6,10.3,51.3,9.2,267.3,50.8,5.3,331.1,0.3,10.2,0.2
-49,2017-09-07 13:00,4.8,6.5,80,23.8,22.9,41.6,2.9,321.8,0.2,5.7,0.1
-49,2017-09-08 13:00,0.9,9.3,41.3,14.9,231.7,66.3,4,325.2,1.2,7.7,0.6
-49,2017-09-09 13:00,10.1,8.2,57.7,14.1,336.4,45.4,2.1,298,0.2,4.2,0.1
-49,2017-09-10 13:00,0.4,10.6,45.2,10.2,281.8,69.1,3.3,301.6,1,6.4,0.5
-49,2017-09-11 13:00,10.1,7.8,69.6,17.1,22.3,42.4,1.5,275.9,0.1,3,0
-50,2017-08-27 13:00,0,22.4,37.5,10.8,174,90.2,63.6,403.4,7.6,91.3,24.9
-50,2017-08-28 13:00,0.5,23.9,45,13.8,223.1,90.2,66.5,410.7,8.9,94.7,28.3
-50,2017-08-29 13:00,0.5,23.1,53.8,10.9,301.6,89.1,68.8,417.9,6.5,97.5,23.2
-50,2017-08-30 13:00,4.1,15.7,41,11.9,347.9,70.4,50.1,411.9,1.2,76.9,4.8
-50,2017-08-31 13:00,0,17.8,32.3,4.6,70,84.3,52.8,418.1,2.4,80.2,9.8
-50,2017-09-01 13:00,0,21.9,31.8,23.6,207.3,90.2,55.6,423.8,14.5,83.7,37
-50,2017-09-02 13:00,10,22.1,71.7,13.1,198.3,57.3,29.8,391.6,0.7,50.1,1.4
-50,2017-09-03 13:00,6.3,17.6,45,24.7,277.3,66.6,19.2,376.1,1.9,34,4.5
-50,2017-09-04 13:00,2,9.6,85.9,15.2,317.1,56.7,17.1,379.5,0.7,30.8,0.8
-50,2017-09-05 13:00,1.9,10.4,60.7,8.7,303.2,61,15.9,383.1,0.7,28.8,0.8
-50,2017-09-06 13:00,1.8,10.9,64,15.7,295.3,65.4,15.2,386.7,1.2,27.7,2
-50,2017-09-07 13:00,1.7,8.3,40,17.4,298.4,71.6,15.1,389.9,1.6,27.5,3
-50,2017-09-08 13:00,1.6,9.8,60.8,12.5,148.1,69.9,15,393.4,1.2,27.4,1.9
-50,2017-09-09 13:00,2,22.1,54.1,20.2,211.2,78,14.8,399.1,2.6,27.2,5.2
-50,2017-09-10 13:00,0.3,16.4,54,8.7,328.6,83.5,16.3,403.7,2.7,29.6,5.6
-50,2017-09-11 13:00,10.1,7.8,69.6,17.1,22.3,45.1,8.4,370,0.2,16,0.2
-51,2017-08-27 13:00,0,21.3,43.3,13,171.1,90.2,63.2,403.2,8.5,90.8,26.9
-51,2017-08-28 13:00,2,22.8,52,15.3,218.7,81.3,59,410.3,2.8,86.8,11.6
-51,2017-08-29 13:00,0,28.1,32.9,23.4,248.8,91.1,63.1,418.4,16.3,91.6,41.6
-51,2017-08-30 13:00,8.5,15.6,40.7,15.2,348.5,64.5,36.1,393,1.1,58.7,3.7
-51,2017-08-31 13:00,0.3,15.8,37.4,5.4,354.3,80.7,38.3,398.8,1.6,61.8,5.6
-51,2017-09-01 13:00,0,19.8,34.2,13.6,178,88.4,40.7,404.1,6.7,65.1,19.2
-51,2017-09-02 13:00,0.3,16.4,73.1,17.6,177.2,85.1,41.6,408.7,5.2,66.3,15.9
-51,2017-09-03 13:00,32.3,15.6,57.8,21.1,323.3,54.1,16,293.4,0.7,28.1,0.8
-51,2017-09-04 13:00,3.5,16.6,54.8,17.3,319.5,64.2,12.6,291.5,1.2,22.8,1.7
-51,2017-09-05 13:00,1.8,12.8,69.1,17.2,325.3,66.9,12.1,295.6,1.3,22,1.9
-51,2017-09-06 13:00,4.6,11.8,82.2,16.9,334.7,47.2,7.8,289,0.3,14.6,0.2
-51,2017-09-07 13:00,0.1,17.6,47.1,8.7,329.2,73.7,9.5,293.8,1.1,17.6,0.9
-51,2017-09-08 13:00,0,20.1,43,12,230.2,85.3,11.7,299.1,4,21.3,6.7
-51,2017-09-09 13:00,0.4,19.4,63.8,24.8,226.8,85.3,13,304.3,7.7,23.5,12.4
-51,2017-09-10 13:00,5.5,17.8,41.8,23,272.1,72.1,9.4,295.6,2.1,17.5,3
-51,2017-09-11 13:00,10.1,7.8,69.6,17.1,22.3,43,4.9,270.3,0.1,9.3,0.1
-52,2017-08-27 13:00,0,22.9,41.2,10.8,177.9,90.2,63.5,403.5,7.6,91.2,24.9
-52,2017-08-28 13:00,0.7,23.4,49.5,14.9,219.9,87.6,66.1,410.7,6.4,94.3,22.6
-52,2017-08-29 13:00,1,26.1,38.4,15.9,256.1,88.6,69.5,418.4,7.8,98.3,26.4
-52,2017-08-30 13:00,13.8,16.4,53.9,12.8,0.2,56.5,34.6,371.1,0.6,56.1,1.4
-52,2017-08-31 13:00,0,17.1,36.6,8.4,231.9,79.3,37,377.2,1.6,59.4,5.6
-52,2017-09-01 13:00,0.1,18.8,50.2,21.3,185.8,85.6,38.7,382.3,6.6,61.8,18.5
-52,2017-09-02 13:00,7.7,21.9,35.5,18.5,269.4,74.5,23.9,362.6,1.9,41.1,5
-52,2017-09-03 13:00,2.6,12.6,80.7,21.6,299.3,61.3,20,366.5,1.3,35.1,2.9
-52,2017-09-04 13:00,3.4,9.2,57.7,15.8,358.2,57.8,15.2,362.3,0.8,27.5,0.9
-52,2017-09-05 13:00,0,15.3,32.2,1.8,157.1,77.1,17.2,366.7,1,30.8,1.6
-52,2017-09-06 13:00,0.4,12.9,43.9,5.9,114.5,83.6,18.6,370.8,2.3,33,5.3
-52,2017-09-07 13:00,2.2,13.2,52.3,7.8,184.8,71.9,17,374.9,1,30.5,1.6
-52,2017-09-08 13:00,10,8.8,87.4,13.8,31.9,31.7,8.6,344.4,0,16.2,0
-52,2017-09-09 13:00,0.7,14.3,52.8,17.7,272.2,64.8,9.9,348.7,1.3,18.4,1.4
-52,2017-09-10 13:00,0.2,13.8,44.4,19.2,278.6,80.9,11.3,352.9,3.3,21,5.5
-52,2017-09-11 13:00,10.1,7.8,69.6,17.1,22.3,44.7,5.9,323.4,0.2,11.3,0.1
-53,2017-08-27 13:00,0,20.9,46.5,10.5,185.1,89.8,63,403.2,7.1,90.7,23.7
-53,2017-08-28 13:00,1.8,24.1,44.8,14.7,233.1,84,61.1,410.5,3.9,89,15
-53,2017-08-29 13:00,3.4,21.3,67.8,13.6,261.1,68.9,47.4,408.9,1.2,73.5,4.8
-53,2017-08-30 13:00,2.1,17.3,50.8,11.1,0,72.5,44,415,1.2,69.6,4.6
-53,2017-08-31 13:00,0,19.8,30.5,2.1,70.3,85.4,47,421.5,2.5,73.5,9.4
-53,2017-09-01 13:00,4.5,15.3,92.5,17.8,202.2,45.1,32.4,412.3,0.2,54.2,0.4
-53,2017-09-02 13:00,4.2,19.9,46.2,20.3,286.2,67.9,24.2,405.3,1.6,42.1,4.3
-53,2017-09-03 13:00,10.1,12.7,85.8,14.3,311.6,34.7,12.2,372.4,0,22.5,0
-53,2017-09-04 13:00,2.3,10.6,79,16.1,357.7,45.1,10.2,376,0.2,19.1,0.2
-53,2017-09-05 13:00,0.2,12.3,48,14.8,350.2,70.8,11.4,380,1.4,21.3,1.9
-53,2017-09-06 13:00,0.2,11.9,49,9.6,350.5,80.5,12.6,383.8,1.9,23.3,3.4
-53,2017-09-07 13:00,0,14.6,38.2,8.8,151.4,86.2,14.3,388.1,3.9,26.3,7.4
-53,2017-09-08 13:00,0,16.8,40.7,27.4,136.2,88.1,16.2,392.9,13,29.4,20.6
-53,2017-09-09 13:00,20.3,11.9,94.4,4.6,160,20.1,6.9,322.4,0,13.2,0
-53,2017-09-10 13:00,5.2,17.3,47.6,13.4,253.8,53.8,5.3,314.2,0.5,10.2,0.3
-53,2017-09-11 13:00,10.1,7.8,69.6,17.1,22.3,39.3,2.7,287.6,0.1,5.2,0
-54,2017-08-27 13:00,0,22.1,27.7,10.1,174.3,91.7,64.1,403.4,9.1,91.7,28.3
-54,2017-08-28 13:00,0.1,22.6,49.1,14.4,215.1,89.9,66.6,410.4,8.8,94.7,28.1
-54,2017-08-29 13:00,2.8,20.1,80.4,15.7,305.7,67.1,54.1,417,1.3,81.7,5.4
-54,2017-08-30 13:00,5.6,14.3,48.2,14.4,358.3,60.7,35.9,404.2,0.9,58.7,2.8
-54,2017-08-31 13:00,0,16.8,36.1,5.8,336,80,38.2,410.2,1.5,62,5.4
-54,2017-09-01 13:00,0,21.1,31.1,13.2,179.5,89.1,41,415.7,7.4,65.7,20.6
-54,2017-09-02 13:00,9.4,13.3,95.9,12.4,210.8,27.7,21.2,385,0,37.2,0
-54,2017-09-03 13:00,1.5,21.1,40.7,19.7,271.8,72.2,23.5,390.5,1.8,40.9,4.8
-54,2017-09-04 13:00,2.7,16.8,51.4,16.9,291.3,71.8,20.3,395.2,1.6,36,3.7
-54,2017-09-05 13:00,0.3,16.1,57.7,5.9,283.8,80.3,21.6,399.9,1.6,38.1,3.9
-54,2017-09-06 13:00,0.2,17.4,58.2,6.3,41.1,83.7,23,404.7,2.5,40.3,6.3
-54,2017-09-07 13:00,0.2,20.4,48.4,13.7,188.5,86.9,25,410.1,5.5,43.3,13.2
-54,2017-09-08 13:00,0,23.4,48.6,14,237.6,88,27.2,416,6.5,46.8,15.7
-54,2017-09-09 13:00,0,23.9,28.7,8,92.1,91.4,30.4,422,7.8,51.5,19
-54,2017-09-10 13:00,0,23.1,61.9,14.9,163.7,88,32,427.9,6.8,54,17.5
-54,2017-09-11 13:00,10.1,7.8,69.6,17.1,22.3,45.9,15.8,392,0.2,28.8,0.3
-55,2017-08-27 13:00,0,22.9,28.9,9.7,177.4,91.6,64.1,403.5,8.7,91.8,27.6
-55,2017-08-28 13:00,0.2,23.6,46.2,15.2,224.7,90.5,66.9,410.8,9.8,95.1,30.4
-55,2017-08-29 13:00,0.2,24.9,47.2,9.5,282.7,90.3,69.7,418.3,7.2,98.4,25
-55,2017-08-30 13:00,19.5,11.2,77.9,12.8,351.4,38.2,30.9,347.4,0,50.5,0.1
-55,2017-08-31 13:00,0,16.9,35.6,7.9,232.8,71.7,33.3,353.4,1,53.9,3
-55,2017-09-01 13:00,0,21.4,40.6,21.4,200.1,86.4,35.6,359,7.5,57.1,19.4
-55,2017-09-02 13:00,13,21.9,49.6,20.5,290.9,68.2,17.8,321.2,1.7,31.2,3.5
-55,2017-09-03 13:00,4.3,12.9,89.7,20.6,339.3,43.6,11.8,315.2,0.2,21.6,0.2
-55,2017-09-04 13:00,0.1,15.4,38.3,9.2,318.3,72.9,13.7,319.6,1.1,24.7,1.5
-55,2017-09-05 13:00,0.8,12.6,68,18.4,327.6,77,14.4,323.6,2.2,26,4.2
-55,2017-09-06 13:00,0.3,16.1,45.4,7.7,310.7,84.3,16.1,328.2,2.8,28.7,5.8
-55,2017-09-07 13:00,0.1,13.8,31.9,12.5,339.6,88.3,17.9,332.4,6.3,31.6,12.4
-55,2017-09-08 13:00,0,14.2,28.2,8.2,317.5,89.9,19.9,336.6,6.4,34.6,13.2
-55,2017-09-09 13:00,0.5,10.8,60.3,17.6,124.7,86.9,20.7,340.3,6.7,35.9,13.9
-55,2017-09-10 13:00,0.7,15.7,50,11.5,100.6,85.3,22.2,344.8,3.9,38.2,9.4
-55,2017-09-11 13:00,10.1,7.8,69.6,17.1,22.3,45.4,11.4,316,0.2,20.9,0.2
-56,2017-08-27 13:00,0,22.6,29.4,10.3,164.7,91.4,64.1,403.4,8.9,91.7,27.9
-56,2017-08-28 13:00,0,24.4,42.2,14.7,226.1,91.1,67.1,410.8,10.6,95.3,31.9
-56,2017-08-29 13:00,0.3,23.3,51.8,15.1,235.2,89.5,69.5,418,8.5,98.2,28.1
-56,2017-08-30 13:00,13.1,10.3,82.2,13.9,349.5,37.7,33.8,372.5,0,55.1,0.1
-56,2017-08-31 13:00,0.1,16.9,41.5,6.5,186,69.3,36,378.5,0.9,58.1,2.6
-56,2017-09-01 13:00,0,20.4,53.9,20.9,185.8,83.1,37.7,383.9,4.7,60.6,14.1
-56,2017-09-02 13:00,3.3,22.6,38.4,22.6,269.7,81,31.3,382.2,4,52,11.3
-56,2017-09-03 13:00,0.1,20.9,30.9,24.5,283.1,89.7,34,387.7,14.1,55.8,29.8
-56,2017-09-04 13:00,2.4,17.3,54.9,16.6,294.2,76.1,30.4,392.5,1.9,50.9,5.8
-56,2017-09-05 13:00,3,8.1,72.3,16.8,352.4,59.1,24.1,389.3,0.9,41.8,2
-56,2017-09-06 13:00,0.2,12.8,43,5.7,335.5,76,25.5,393.3,1.1,43.9,2.8
-56,2017-09-07 13:00,0,17.4,38.9,19.8,224.3,86.3,27.5,398.1,6.8,47,16.2
-56,2017-09-08 13:00,0,22.8,48.4,21,228.8,87.8,29.7,403.9,9.1,50.2,20.8
-56,2017-09-09 13:00,0,25.4,29.8,4.3,56.3,91.3,33,410.2,6.4,55,17
-56,2017-09-10 13:00,0.8,18.8,58.5,11.9,83.6,85.3,34.5,415.3,4,57.2,12
-56,2017-09-11 13:00,10.1,7.8,69.6,17.1,22.3,45.4,17.1,380.6,0.2,30.7,0.2
-57,2017-08-27 13:00,0,21.4,44.6,12.3,168.7,90.1,63.2,403.2,8.1,90.8,26
-57,2017-08-28 13:00,0.1,24.4,42.7,16.4,221.1,90.2,66.2,410.6,10,94.4,30.7
-57,2017-08-29 13:00,6.6,17.4,91.1,11.4,307.4,40.6,39.5,394.3,0.1,63.1,0.1
-57,2017-08-30 13:00,4.6,15.1,44.5,11.3,344.5,56.8,28.4,386.8,0.6,48.1,0.9
-57,2017-08-31 13:00,0,18.1,32.2,3.6,176.6,79.3,31.1,393.1,1.3,52,3.9
-57,2017-09-01 13:00,0,20.9,37.7,21.9,188.1,88.1,33.6,398.5,9.9,55.5,23.2
-57,2017-09-02 13:00,12.1,20.4,30.8,20.3,310.1,72.5,17.5,359.7,1.9,31.2,4.1
-57,2017-09-03 13:00,0,19.6,46.5,6.3,320.5,83.5,19.5,364.9,2.4,34.4,5.5
-57,2017-09-04 13:00,6.2,10.7,87.9,17,315.8,41.6,11.5,349.8,0.1,21.2,0.1
-57,2017-09-05 13:00,2.1,13.1,65.2,15.9,5.8,57.7,10.4,353.8,0.8,19.4,0.7
-57,2017-09-06 13:00,1.4,14.3,47.3,12.2,6.3,71.8,11.9,358.1,1.2,21.9,1.6
-57,2017-09-07 13:00,3.7,10.3,87.3,10,99.1,45.5,8.1,353.2,0.1,15.2,0.1
-57,2017-09-08 13:00,1.9,11.4,83,10.4,246.4,48.7,7.2,356.9,0.2,13.7,0.2
-57,2017-09-09 13:00,0.9,15.9,51.3,9.9,176.2,70.5,8.7,361.5,1,16.3,0.8
-57,2017-09-10 13:00,2,15.3,92.9,11.9,177.4,54.8,7.3,366,0.5,13.9,0.4
-57,2017-09-11 13:00,10.1,7.8,69.6,17.1,22.3,39.5,3.7,335.4,0.1,7.3,0
-58,2017-08-27 13:00,0,22.6,30.1,10.4,170.4,91.3,64,403.5,8.7,91.7,27.6
-58,2017-08-28 13:00,0.3,22.6,50,12.6,218.3,89.7,66.5,410.5,7.8,94.6,25.9
-58,2017-08-29 13:00,0,25.8,42.9,14,250.8,89.8,69.6,418.2,8.4,98.3,27.8
-58,2017-08-30 13:00,6.1,16.9,57.8,11.8,19.3,62.1,44,403.5,0.8,69.1,3
-58,2017-08-31 13:00,0,16.4,32.4,7.2,67.6,81.5,46.4,409.5,1.9,72.3,7.5
-58,2017-09-01 13:00,0,20.1,43.5,20.4,159.5,87.3,48.6,414.8,8.2,75.1,23.7
-58,2017-09-02 13:00,6,21.6,47.2,22.1,276.8,73.9,32.2,400.6,2.2,53.6,6.9
-58,2017-09-03 13:00,0.5,14.1,73,18.2,286.1,79.1,32.9,404.8,2.6,54.7,8.1
-58,2017-09-04 13:00,0.1,11.3,48,17.7,285.4,84.1,34.1,408.5,4.5,56.4,13.1
-58,2017-09-05 13:00,3.3,7.8,75.6,18.4,314.3,58.7,26.1,403.6,0.9,44.9,2.4
-58,2017-09-06 13:00,4.4,8,89,17.6,332.2,37.9,17.7,394.3,0.1,31.8,0.1
-58,2017-09-07 13:00,0.7,8.9,55.5,13.2,355.5,61.3,18.5,397.6,0.9,33.1,1.4
-58,2017-09-08 13:00,0,10.3,41.9,7.8,346.4,76.6,19.7,401.1,1.3,35,2.7
-58,2017-09-09 13:00,0.3,11.4,48.6,8.4,26.1,82.6,20.8,404.9,2.4,36.9,5.7
-58,2017-09-10 13:00,0.1,15.2,36.4,11.9,219,87.4,22.6,409.3,5.4,39.8,12.3
-58,2017-09-11 13:00,10.1,7.8,69.6,17.1,22.3,45.8,11.6,375.1,0.2,21.5,0.2
-59,2017-08-27 13:00,0,22.1,39.3,10.2,185.5,90.2,63.5,403.4,7.3,91.2,24.4
-59,2017-08-28 13:00,0,23.4,44.6,13.6,222.9,90.2,66.3,410.6,8.8,94.5,28.1
-59,2017-08-29 13:00,0,27.4,33.2,15.8,238.6,91.6,70.2,418.5,11.9,99,35.2
-59,2017-08-30 13:00,21.9,11.1,70.2,12.7,338.8,41.8,30.6,338.5,0.1,50,0.2
-59,2017-08-31 13:00,0.2,16.3,35.4,8.7,292.2,73.2,33,344.4,1.1,53.2,3.3
-59,2017-09-01 13:00,0,20.4,37.4,16.2,202.2,86.6,35.3,349.8,5.9,56.4,16.2
-59,2017-09-02 13:00,10.1,18.9,76,24.7,268.9,55.9,18,322.6,1.1,31.5,1.9
-59,2017-09-03 13:00,0.2,18.4,46.7,21.1,292.9,80.3,19.8,327.6,3.4,34.4,7.7
-59,2017-09-04 13:00,0.1,12.1,43.8,19.6,281.2,85.2,21.1,331.5,5.9,36.4,12.6
-59,2017-09-05 13:00,0.3,8.7,49.7,16.3,264.3,85.5,22,334.8,5.1,37.8,11.6
-59,2017-09-06 13:00,4.9,7.3,84.7,19,294.7,47.2,14.2,325.3,0.3,25.6,0.3
-59,2017-09-07 13:00,6.6,8.8,84.1,11.6,0.5,31.5,8.1,310.3,0,15.2,0
-59,2017-09-08 13:00,1,11.2,45.9,12.3,241.4,60.3,9.2,314,0.8,17.2,0.6
-59,2017-09-09 13:00,0.1,16.8,47,17.6,220.5,80.1,10.9,318.7,2.8,20.1,4.6
-59,2017-09-10 13:00,0.8,13.4,72,11.1,326.2,78.6,11.7,322.8,1.7,21.4,2.7
-59,2017-09-11 13:00,10.1,7.8,69.6,17.1,22.3,44.2,6.1,295.6,0.2,11.5,0.1
-60,2017-08-27 13:00,0,22.4,41.1,11.2,182,90.2,63.5,403.4,7.7,91.1,25.3
-60,2017-08-28 13:00,0.2,23.4,48.2,15.1,220.8,89.9,66.1,410.6,9,94.2,28.6
-60,2017-08-29 13:00,3.1,20.1,75.9,7.6,253.8,64.9,52.1,410.1,0.8,79.1,3.1
-60,2017-08-30 13:00,10.1,15.6,42.3,11.7,343.4,57.2,28.7,378.7,0.6,48.3,1
-60,2017-08-31 13:00,0,18.9,33.2,4.5,227.6,80.1,31.5,385.1,1.4,52.3,4.5
-60,2017-09-01 13:00,0,23.1,40.2,17.1,207.1,88.2,34.1,391,7.8,55.9,19.8
-60,2017-09-02 13:00,1,19.9,57,20.9,293.5,84.1,35.7,396.3,5.4,58.2,15.2
-60,2017-09-03 13:00,0.9,15.3,54.8,24.1,306.5,82.8,37,400.7,5.3,60.1,15.3
-60,2017-09-04 13:00,0.5,7.8,71.5,20.7,298.7,82.1,37.4,403.8,4.1,60.8,12.7
-60,2017-09-05 13:00,5.3,6.5,83.5,17.6,345.4,45,23.9,390,0.2,41.5,0.3
-60,2017-09-06 13:00,3,7.8,75.6,12,330.3,44.8,18.8,386.8,0.1,33.5,0.2
-60,2017-09-07 13:00,1.4,11.4,61.8,14.2,239.9,61.5,19.6,390.6,0.9,34.9,1.7
-60,2017-09-08 13:00,1.6,16.9,47,18.7,198,75.5,20.2,395.3,2,35.9,4.8
-60,2017-09-09 13:00,2,19.6,53.8,8.5,291.6,74.5,19.5,400.5,1.1,34.8,2.4
-60,2017-09-10 13:00,0.5,16.6,62.2,12.7,283.4,81.4,20.7,405.2,2.5,36.7,6.1
-60,2017-09-11 13:00,10.1,7.8,69.6,17.1,22.3,44.7,10.7,371.4,0.2,19.9,0.2
-61,2017-08-27 13:00,0,22.6,37.3,10.9,179.6,90.2,63.7,403.4,7.6,91.3,25.1
-61,2017-08-28 13:00,0.1,22.9,49.9,14.2,222.4,89.6,66.2,410.6,8.3,94.3,26.9
-61,2017-08-29 13:00,0.7,24.1,44.8,16.9,251.6,88.3,69,417.9,7.9,97.7,26.5
-61,2017-08-30 13:00,3.5,16.9,46.2,14.3,341.3,72.7,53,414.9,1.4,80.4,6
-61,2017-08-31 13:00,0,19.8,25.9,1.6,293.7,86.2,56.2,421.5,2.7,84.3,10.9
-61,2017-09-01 13:00,0,22.8,34.2,19.8,196.7,90.1,59,427.3,11.9,87.7,33.2
-61,2017-09-02 13:00,10.7,20.6,72.3,18.2,275.1,57.4,30.7,391.3,0.9,51.4,2.3
-61,2017-09-03 13:00,1.8,17.9,61.9,16.1,227.3,69.6,29.6,396.2,1.4,49.9,4.2
-61,2017-09-04 13:00,4.5,9.2,67.3,22,299.4,55.4,20.4,386.8,0.9,36,1.6
-61,2017-09-05 13:00,0.3,10.3,44.4,14.8,322.8,75,21.5,390.4,1.6,37.8,4
-61,2017-09-06 13:00,0.4,16.4,40.8,22.1,202.3,85.5,23.4,395,6.9,40.7,15.2
-61,2017-09-07 13:00,0,23.4,51.6,25.6,202.2,87.4,25.5,401,10.7,44,21.8
-61,2017-09-08 13:00,3.1,19.6,36.2,26.8,267.5,80.9,21.8,399.3,4.8,38.4,11.1
-61,2017-09-09 13:00,0.7,17.3,43,21.4,289.1,85.8,23.7,404.1,6.9,41.3,15.4
-61,2017-09-10 13:00,0.2,12.6,49.8,20.9,297.4,86.1,24.9,408,7,43.2,16
-61,2017-09-11 13:00,10.1,7.8,69.6,17.1,22.3,45.6,12.6,374,0.2,23.3,0.2
-62,2017-08-27 13:00,0,21.4,43,13.7,170.6,90.2,63.3,403.2,8.8,90.9,27.5
-62,2017-08-28 13:00,1.1,22.6,52.8,12.2,214.9,84.8,65.6,410.3,3.8,93.7,15.3
-62,2017-08-29 13:00,0,27.1,37.7,12.8,262.6,90.1,69.2,418.2,8.3,97.9,27.4
-62,2017-08-30 13:00,12,11.2,71,14.9,356.4,46.2,34.7,377.3,0.2,56.5,0.4
-62,2017-08-31 13:00,0,16.9,36.2,8.4,244.5,75.4,37.1,383.3,1.2,59.7,4.1
-62,2017-09-01 13:00,0,20.1,44.9,20.3,185.4,85.9,39.2,388.7,6.6,62.6,18.5
-62,2017-09-02 13:00,5.9,14.8,92.1,21.6,219.3,41.5,24.1,374.5,0.1,41.6,0.2
-62,2017-09-03 13:00,4.2,9.4,71.2,26.1,267.7,48.3,17,367.1,0.5,30.4,0.6
-62,2017-09-04 13:00,6.2,9.9,87.7,22.3,308.9,33.7,9.9,351.9,0,18.5,0
-62,2017-09-05 13:00,2.9,9.4,50.2,16.4,338,53.2,7.9,350.1,0.5,15,0.4
-62,2017-09-06 13:00,0.2,9.3,46.5,6.5,277,70.9,8.9,353.5,0.9,16.8,0.7
-62,2017-09-07 13:00,5.5,5.3,85,17.9,319.5,40,5,340.8,0.1,9.7,0.1
-62,2017-09-08 13:00,3.8,11.8,51.4,8.3,301.6,50.6,3.8,335.9,0.3,7.3,0.1
-62,2017-09-09 13:00,0,18.1,48.2,21.9,224.3,78.3,5.5,340.9,2.9,10.6,3.1
-62,2017-09-10 13:00,0,19.8,61.4,9.5,89.3,83.3,7,346.1,2.7,13.2,3.3
-62,2017-09-11 13:00,10.1,7.8,69.6,17.1,22.3,45.1,3.5,317.2,0.2,6.9,0.1
-63,2017-08-27 13:00,0,22.6,31.8,9.8,176.4,91,64,403.5,8.2,91.6,26.3
-63,2017-08-28 13:00,0.1,23.4,47.7,15.3,219.8,90.1,66.6,410.7,9.4,94.8,29.5
-63,2017-08-29 13:00,3.5,17.1,83.3,1.3,38.2,52.5,49.9,407.9,0.2,76.5,0.5
-63,2017-08-30 13:00,22.7,10.3,86.7,13.2,349.3,23.8,20.4,326.8,0,35.3,0
-63,2017-08-31 13:00,0.2,15.8,35.6,6,278.3,61.6,22.6,332.6,0.6,38.7,0.9
-63,2017-09-01 13:00,0,20.1,37,21,199.9,84.5,25,337.9,5.7,42.2,13.3
-63,2017-09-02 13:00,9,22.4,47,18.4,267.5,70.5,14.9,316.1,1.6,26.7,3
-63,2017-09-03 13:00,2.9,17.6,67.1,20.8,312.7,67.8,12.2,316.1,1.7,22.3,2.7
-63,2017-09-04 13:00,5.1,12.3,54.8,12.6,286.8,57,8.2,307.4,0.6,15.5,0.5
-63,2017-09-05 13:00,1,13.3,48.5,15.4,299.1,73.8,9.6,311.5,1.6,17.8,2
-63,2017-09-06 13:00,0,10.8,38.7,18.8,278,83.7,10.9,315.2,4.5,20,7.3
-63,2017-09-07 13:00,0.1,8.3,56.2,14.4,308,84.2,11.6,318.4,3.9,21.3,6.5
-63,2017-09-08 13:00,6,7,90.4,17.3,292.1,38.3,6.5,305.3,0.1,12.4,0
-63,2017-09-09 13:00,11.1,7.7,89.1,12.4,18.2,20.3,3,276.3,0,5.7,0
-63,2017-09-10 13:00,0.4,11.7,47.4,11.8,246.7,55.2,4.1,280.1,0.5,8,0.3
-63,2017-09-11 13:00,10.1,7.8,69.6,17.1,22.3,39.6,2,255.8,0.1,4,0
-64,2017-08-27 13:00,0,19.9,44.3,7.4,181.4,90,63,403,6.2,90.6,21.6
-64,2017-08-28 13:00,0,21.8,59.8,11.3,215,88,64.9,409.9,5.7,93,20.5
-64,2017-08-29 13:00,0.1,22.4,54,12.1,280.3,88.1,67.2,416.9,6,95.8,21.6
-64,2017-08-30 13:00,10.1,14.3,61.2,11.5,358.2,52.8,35.7,384.5,0.4,58,0.8
-64,2017-08-31 13:00,0,15.9,45.9,5.2,213.7,74.1,37.6,390.4,0.9,60.6,3.1
-64,2017-09-01 13:00,0,18.4,42.2,15.3,203.6,85.2,39.6,395.4,4.7,63.4,14.5
-64,2017-09-02 13:00,4.5,16.6,91,13.7,275.1,46.4,27.2,387.2,0.2,46.2,0.3
-64,2017-09-03 13:00,0.2,17.3,68.9,9.4,310.4,67.4,28.2,392,0.9,47.8,2.4
-64,2017-09-04 13:00,0.1,12.1,36.3,13.3,327.2,81.8,29.7,395.9,2.7,50,8
-64,2017-09-05 13:00,0,13.8,38.2,8.4,301,86.4,31.3,400.1,3.9,52.4,11.2
-64,2017-09-06 13:00,0.1,13.3,44.4,5.5,78.7,87,32.7,404.2,3.7,54.4,10.9
-64,2017-09-07 13:00,3.6,10.3,68.4,11.5,41.2,60.1,24.5,398.5,0.7,42.5,1.4
-64,2017-09-08 13:00,1.3,9.6,87,7.5,196.7,57.2,24.8,402,0.5,42.9,0.7
-64,2017-09-09 13:00,1,12.1,47.4,9.5,240.5,71.7,26,405.8,1.1,44.8,2.8
-64,2017-09-10 13:00,0,15.3,53.3,7.6,275.4,80.9,27.4,410.3,1.8,46.9,5.3
-64,2017-09-11 13:00,10.1,7.8,69.6,17.1,22.3,44.7,13.8,376,0.2,25.3,0.2
-65,2017-08-27 13:00,0,18.8,53.2,9.6,183.4,88.7,62.5,402.8,5.8,90.1,20.4
-65,2017-08-28 13:00,0.2,21.6,62.7,10.9,214.2,87.3,64.3,409.6,5.1,92.3,18.8
-65,2017-08-29 13:00,0.6,21.8,65.4,5.2,326.3,85.9,65.9,416.6,3.1,94.5,13.1
-65,2017-08-30 13:00,1.7,15.2,57.5,8.7,355.2,75.8,63,422.3,1.2,91.8,5.8
-65,2017-08-31 13:00,0,18.8,53.1,9,177.7,83.5,64.9,428.7,2.7,94.2,11.8
-65,2017-09-01 13:00,0,19.8,55.9,16.6,192.5,85.7,66.6,433.9,5.4,96.2,20
-65,2017-09-02 13:00,16.8,17.1,81.4,15.5,282.1,42.4,30.1,371.2,0.1,50.1,0.2
-65,2017-09-03 13:00,0.2,19.6,57.6,11.5,255.5,71.4,31.7,376.4,1.2,52.4,3.6
-65,2017-09-04 13:00,6.7,12.3,54.9,13.3,1.6,54.9,19,359.1,0.5,33.6,0.7
-65,2017-09-05 13:00,1.6,9.3,80.4,21.8,337.7,58.9,18.6,362.5,1.1,33,2.3
-65,2017-09-06 13:00,0.5,13.8,59.1,17.1,325.3,75.8,19.7,366.7,1.9,34.7,4.4
-65,2017-09-07 13:00,0,17.1,50.6,6.2,20.6,83.2,21.3,371.5,2.3,37.3,5.5
-65,2017-09-08 13:00,0,17.1,54.2,5.4,176.2,85.2,22.8,376.3,2.8,39.6,7.2
-65,2017-09-09 13:00,0,20.1,60.2,7.7,190.8,85.5,24.3,381.6,3.3,41.9,8.6
-65,2017-09-10 13:00,0,20.8,60.8,11.7,349.4,85.6,25.8,387,4.2,44.3,10.7
-65,2017-09-11 13:00,10.1,7.8,69.6,17.1,22.3,45.5,13.1,354.7,0.2,23.9,0.2
-66,2017-08-27 13:00,0,19.9,41.8,9.2,177.8,90.2,63.1,403,7,90.7,23.5
-66,2017-08-28 13:00,0,22.6,54.9,11.8,221.9,88.8,65.3,410,6.6,93.4,22.9
-66,2017-08-29 13:00,0.4,22.4,55.2,2.4,116.6,88.6,67.5,417.1,3.9,96.1,15.9
-66,2017-08-30 13:00,4,15.3,52.7,8.1,20.9,65.6,49.3,411.6,0.8,75.9,3.2
-66,2017-08-31 13:00,0,18.6,46.1,11.5,183.6,81.9,51.5,417.9,2.5,78.7,9.9
-66,2017-09-01 13:00,0,23.3,53.8,15.8,204.2,86.3,53.5,423.8,5.6,81.3,18.8
-66,2017-09-02 13:00,8,21.4,59.2,16.2,270,65.2,31.4,400,1.2,52.5,3.7
-66,2017-09-03 13:00,10.7,17.9,74.9,5.9,259.4,41,15.6,366.2,0.1,28.2,0.1
-66,2017-09-04 13:00,4.4,10.3,82.6,16.3,7.6,37.9,10.3,358.2,0.1,19.3,0
-66,2017-09-05 13:00,0.4,13.9,69,10.3,240.8,60.8,11.2,362.4,0.7,20.7,0.7
-66,2017-09-06 13:00,0,22.3,47.5,18.9,287.7,83,13.3,368.1,4.2,24.5,7.6
-66,2017-09-07 13:00,0,17.8,53.4,10.5,301,85.5,14.9,373,3.8,27.1,7.4
-66,2017-09-08 13:00,0,23.1,46.7,12.7,222.7,87.9,17.2,378.9,6.1,30.9,11.8
-66,2017-09-09 13:00,0.6,20.1,43.4,18.6,279.6,88,19.3,384.2,8.2,34.3,15.9
-66,2017-09-10 13:00,0.6,16.6,52.4,1,225,86,20.8,388.9,2.6,36.7,6.2
-66,2017-09-11 13:00,10.1,7.8,69.6,17.1,22.3,45.6,10.7,356.5,0.2,19.9,0.2
-67,2017-08-27 13:00,0,21.1,41.1,8.8,189.4,90.2,63.3,403.2,6.9,90.9,23.2
-67,2017-08-28 13:00,0,21.9,56.8,11.6,209.8,88.5,65.4,410.1,6.2,93.5,21.9
-67,2017-08-29 13:00,0,24.1,51,13.4,249.6,88.5,67.9,417.5,6.8,96.5,23.9
-67,2017-08-30 13:00,14.1,9.8,64.6,14.1,346.7,45.8,32.5,367.8,0.2,53.3,0.3
-67,2017-08-31 13:00,0,15.3,46.1,5.6,219.8,70.5,34.4,373.6,0.8,55.9,2.5
-67,2017-09-01 13:00,0,18.1,53,16,189,82.4,36,378.6,3.4,58.1,10.5
-67,2017-09-02 13:00,4.7,17.3,85.6,12.4,260,50.2,24.3,370.2,0.3,41.7,0.5
-67,2017-09-03 13:00,5.5,19.4,64.9,12.7,295.1,55.8,16.1,359.4,0.6,29,0.7
-67,2017-09-04 13:00,3,6.8,83.7,25.1,344.2,47.9,12.2,356.5,0.4,22.5,0.4
-67,2017-09-05 13:00,0.7,7.8,66.7,13.3,347.5,63.4,12.7,359.6,1,23.4,1
-67,2017-09-06 13:00,0.3,9.8,44.4,11.5,308.7,77.7,13.8,363.1,1.6,25.2,2.9
-67,2017-09-07 13:00,0,14.9,44.8,6.5,263.7,84.2,15.4,367.5,2.6,27.9,5.3
-67,2017-09-08 13:00,0,20.8,48.3,12.7,235.4,87.1,17.4,372.9,5.3,31.2,10.7
-67,2017-09-09 13:00,0,22.6,56.5,4.7,212.5,87.1,19.2,378.7,3.6,34.1,8.1
-67,2017-09-10 13:00,0,24.4,58.9,7.4,227,87.1,21.1,384.8,4.1,37.1,9.6
-67,2017-09-11 13:00,10.1,7.8,69.6,17.1,22.3,45.7,10.8,352.7,0.2,20.1,0.2
-68,2017-08-27 13:00,0,20.3,50.9,7.5,176.4,89.2,62.8,403,5.5,90.4,19.9
-68,2017-08-28 13:00,0.6,22.9,56.6,12.2,216.3,87.7,64.9,410.1,5.7,93,20.4
-68,2017-08-29 13:00,0.3,24.4,52.3,9.7,228.2,87.7,67.4,417.5,5,96.1,19.1
-68,2017-08-30 13:00,20.3,14.3,72.7,12.7,6.5,43.4,29.5,344.3,0.1,48.6,0.2
-68,2017-08-31 13:00,0.2,15.7,48.7,4.5,256,68.1,31.3,350.1,0.7,51.2,1.9
-68,2017-09-01 13:00,0,20.3,47.4,16,202.5,83.6,33.3,355.4,3.9,54,11.3
-68,2017-09-02 13:00,11.7,18.6,69.4,13.1,301.5,52.8,16,322,0.4,28.5,0.5
-68,2017-09-03 13:00,3.9,10.3,80.4,19.8,323.1,46.2,11.1,316.9,0.3,20.4,0.2
-68,2017-09-04 13:00,1.1,10.8,50.7,12.7,355.1,65.8,12.1,320.6,1,22.1,1
-68,2017-09-05 13:00,0.3,11.2,46.7,14,334.1,79.2,13.3,324.3,2.1,24.1,3.8
-68,2017-09-06 13:00,1.1,12.8,54.2,11.5,308.7,78.7,14.4,328.3,1.8,26,3.3
-68,2017-09-07 13:00,1.1,14.7,57.4,17.3,225,79.3,15.6,332.6,2.5,27.9,5.1
-68,2017-09-08 13:00,1.8,9.8,39.4,13.9,301.2,75.5,15.3,336.1,1.6,27.5,3
-68,2017-09-09 13:00,0,13.7,48.4,5.9,346,82.5,16.6,340.2,2,29.7,4.3
-68,2017-09-10 13:00,0.9,16.9,61.7,9.9,190.5,81,17.9,345,2.1,31.6,4.6
-68,2017-09-11 13:00,10.1,7.8,69.6,17.1,22.3,44.7,9.2,316.1,0.2,17.2,0.2
-69,2017-08-27 13:00,0,20.4,39.1,7,182.1,90.2,63.3,403.1,6.3,90.9,21.7
-69,2017-08-28 13:00,0,21.9,55.3,11.7,205.5,88.7,65.4,410,6.4,93.6,22.5
-69,2017-08-29 13:00,0.9,19.9,76.3,5.5,336.8,81.1,66.5,416.6,1.7,95,8
-69,2017-08-30 13:00,1.4,16.6,53.6,8.6,345.4,77.9,68.2,422.6,1.4,97.1,7
-69,2017-08-31 13:00,0,14.9,54.6,9.4,182.2,83.1,69.7,428.3,2.6,99.1,11.8
-69,2017-09-01 13:00,11.4,13.4,96.4,18.3,199.5,24.4,34.9,387.9,0,56.9,0
-69,2017-09-02 13:00,6.8,20.1,59.9,14.8,256,53.1,21.3,371.3,0.5,37.3,0.7
-69,2017-09-03 13:00,1.6,16.8,62.7,15.9,303,68,21.4,376,1.3,37.5,3.1
-69,2017-09-04 13:00,0,18.3,49.1,9.7,153.4,81.7,23.2,381,2.2,40.2,5.8
-69,2017-09-05 13:00,5.4,22.1,79.2,7,158.8,53.3,15.1,370.5,0.3,27.3,0.4
-69,2017-09-06 13:00,0.1,20.8,47.4,10.3,245.2,78.5,17.1,376,1.7,30.7,3.5
-69,2017-09-07 13:00,1.2,13.6,74.6,11.9,264.8,74,17.8,380.1,1.3,31.8,2.7
-69,2017-09-08 13:00,2.1,10.1,70.8,8.7,330.3,63.5,15.8,383.6,0.8,28.7,0.9
-69,2017-09-09 13:00,0.6,10.7,68.1,5.4,126.9,71.6,16.5,387.3,0.9,29.8,1.1
-69,2017-09-10 13:00,3.5,9.8,84,9.2,149.4,48,11.9,382.3,0.2,22,0.2
-69,2017-09-11 13:00,10.1,7.8,69.6,17.1,22.3,38,6.2,350.5,0.1,11.8,0
-70,2017-08-27 13:00,0,20.9,41.4,9.3,160.7,90.2,63.3,403.2,7,90.9,23.6
-70,2017-08-28 13:00,0.2,21.9,63.5,11.1,211.4,87.5,65,410.1,5.2,93.1,19.3
-70,2017-08-29 13:00,2.8,18.9,83.7,7.3,281,61,52.5,410.6,0.6,79.6,2.4
-70,2017-08-30 13:00,2.9,14.4,46.2,12.6,3.3,66.4,43.8,410,1.1,69.1,4
-70,2017-08-31 13:00,0,16.9,45,9.1,198.4,81.3,45.8,416.1,2.1,71.9,7.9
-70,2017-09-01 13:00,0.2,16.4,52.7,14.4,190.1,85,47.3,420.7,4.3,73.8,14.8
-70,2017-09-02 13:00,3.5,17.1,90.6,11.8,250.5,51.4,35.7,416.3,0.3,58.8,0.7
-70,2017-09-03 13:00,2.8,8.1,63,21.9,306.3,56.6,29.4,419.5,1,50,2.7
-70,2017-09-04 13:00,0.4,9.6,55.8,17.6,312.5,73.5,30.2,422.9,1.7,51.2,5.3
-70,2017-09-05 13:00,0.1,12.4,48.3,11.1,324.3,82,31.4,426.8,2.5,53.1,7.7
-70,2017-09-06 13:00,0.4,19.6,55.4,9.8,293.9,85.2,33.1,432.1,3.6,55.5,10.7
-70,2017-09-07 13:00,0,21.9,56,11.5,231.8,86.4,34.9,437.7,4.5,58.2,13.4
-70,2017-09-08 13:00,0,19.4,42.1,18.9,296.5,88.3,37,442.9,8.7,61.2,22.3
-70,2017-09-09 13:00,0.1,23.9,43.6,21.1,213.2,89.1,39.5,448.9,10.8,64.8,26.8
-70,2017-09-10 13:00,1.6,22.9,76.8,6.1,273.4,75.4,39.1,454.7,1.1,64.3,3.8
-70,2017-09-11 13:00,10.1,7.8,69.6,17.1,22.3,43.7,19.8,416.3,0.2,35.5,0.2
-71,2017-08-27 13:00,0,20.1,40.4,6,181.4,90.2,63.2,403,5.9,90.8,20.9
-71,2017-08-28 13:00,0,21.4,55.5,10.9,221.4,88.6,65.3,409.9,6.1,93.4,21.6
-71,2017-08-29 13:00,10.2,13.6,89.3,3.5,24,30.6,33.6,377.7,0,55,0
-71,2017-08-30 13:00,0.2,16.1,56,7,21.3,60.7,35.1,383.6,0.6,57.2,1.5
-71,2017-08-31 13:00,0,17.4,51.1,6.6,202.4,77.6,37,389.7,1.3,59.8,4.3
-71,2017-09-01 13:00,0,19.3,58.6,22.8,217.9,84,38.5,394.9,5.8,61.9,16.8
-71,2017-09-02 13:00,18.5,21.6,54.7,14.4,283,61.6,17.3,332.4,0.9,30.5,1.4
-71,2017-09-03 13:00,0,18.3,55.7,5.4,183.8,77,18.8,337.3,1.1,33,2.3
-71,2017-09-04 13:00,1.6,15.7,61.4,13.2,342.6,74.6,19,341.9,1.5,33.3,3.2
-71,2017-09-05 13:00,5.4,9.4,66,16.3,352.4,52.9,12.1,330.6,0.5,22.2,0.5
-71,2017-09-06 13:00,0,16.8,57.4,9.4,270,73.4,13.5,335.3,1.1,24.4,1.6
-71,2017-09-07 13:00,0,23.3,44.1,13.5,290.8,86.1,15.9,341.2,4.9,28.4,9.5
-71,2017-09-08 13:00,0,23.4,51.9,8.1,190.3,87.3,18,347.1,4.4,31.8,9.2
-71,2017-09-09 13:00,0,23.1,50.2,6.1,266.6,87.7,20.1,352.9,4.2,35.2,9.5
-71,2017-09-10 13:00,0,20.4,43.6,6.9,51.3,88.4,22.3,358.3,4.8,38.6,11.1
-71,2017-09-11 13:00,10.1,7.8,69.6,17.1,22.3,46,11.4,328.4,0.2,21,0.2
-72,2017-08-27 13:00,0,21.1,40.2,9.2,164.4,90.2,63.3,403.2,7,91,23.5
-72,2017-08-28 13:00,0.4,21.8,59.5,11.1,202.9,88.1,65.3,410.1,5.7,93.4,20.6
-72,2017-08-29 13:00,1.4,20.8,53.7,6.1,3.4,81,67.3,416.8,1.7,95.9,8.2
-72,2017-08-30 13:00,0.7,17.3,48.4,7.2,354.3,84.1,69.3,422.9,2.7,98.3,11.9
-72,2017-08-31 13:00,0,17.9,44.2,3.3,220.6,86.8,71.5,429.2,3.2,100.9,14
-72,2017-09-01 13:00,0.2,18.8,53.4,15.9,186.5,86.8,73.1,434.3,6.1,102.9,22.7
-72,2017-09-02 13:00,9.5,19.6,63.2,12.7,184.9,58.5,40.1,402.5,0.7,64.2,2.2
-72,2017-09-03 13:00,3.6,17.4,54.5,20.5,259.9,66.7,31.1,398.1,1.6,52,4.9
-72,2017-09-04 13:00,4.8,10.9,87.9,20.5,285.3,42.2,20.4,387.4,0.1,36.1,0.2
-72,2017-09-05 13:00,9.2,10.3,91,17.6,337.1,23.5,10.5,359.3,0,19.6,0
-72,2017-09-06 13:00,3.1,9.9,60.9,11.3,309.8,43,8,356.6,0.1,15.2,0.1
-72,2017-09-07 13:00,3.1,9.3,77.8,14.9,344.6,44.8,5.7,353.8,0.2,10.9,0.1
-72,2017-09-08 13:00,1.1,11.2,49.5,15.2,306.3,66.4,6.8,357.5,1.2,12.9,0.8
-72,2017-09-09 13:00,0,17.1,42.6,17.1,255.4,82.9,8.6,362.3,3.8,16.3,5.4
-72,2017-09-10 13:00,0.1,15.1,45,7.1,66,86,10.2,366.7,3.5,19.1,5.5
-72,2017-09-11 13:00,10.1,7.8,69.6,17.1,22.3,45.5,5.3,336.1,0.2,10.2,0.1
-73,2017-08-27 13:00,0,20.3,42.3,6.7,161.4,90.2,63.2,403,6.1,90.8,21.4
-73,2017-08-28 13:00,0.1,20.9,57.1,11.7,215.8,88.3,65.1,409.8,6.1,93.2,21.6
-73,2017-08-29 13:00,0,20.4,53.6,7.4,354.4,88.4,67.2,416.5,4.9,95.7,18.8
-73,2017-08-30 13:00,3.3,12.7,55.8,11.6,343.8,66.9,51.8,413.5,1,78.9,4.2
-73,2017-08-31 13:00,0,16.4,38.8,6.6,247.6,81.8,54,419.5,2,81.8,8.2
-73,2017-09-01 13:00,0,20.8,47.3,14.6,218,86.7,56.1,424.9,5.6,84.3,19.3
-73,2017-09-02 13:00,0.9,18.4,74.4,17.4,198.1,81,57,429.9,3,85.6,12.2
-73,2017-09-03 13:00,21.3,10.7,94.6,18.1,265.4,21.4,23.6,348.6,0,40.4,0
-73,2017-09-04 13:00,0.5,18.1,58.6,8.7,231.7,57.1,25,353.6,0.5,42.5,0.8
-73,2017-09-05 13:00,0,17.9,54.5,7.2,40.9,75.8,26.5,358.5,1.2,44.8,3.1
-73,2017-09-06 13:00,32.3,12.3,58.7,8.9,284,42,10.3,255,0.1,18.7,0.1
-73,2017-09-07 13:00,0,17.1,52,14.2,239.5,71.8,11.9,259.8,1.4,21.3,1.9
-73,2017-09-08 13:00,0,17.6,53,7.8,103.4,81.7,13.4,264.7,2,23.8,3.6
-73,2017-09-09 13:00,3.1,12.4,93.2,15.8,114.2,49.7,9.8,263.7,0.3,17.9,0.3
-73,2017-09-10 13:00,5,13.1,78.5,15.8,287.2,44.3,6.1,256.9,0.2,11.5,0.1
-73,2017-09-11 13:00,10.1,7.8,69.6,17.1,22.3,37.2,3.1,234.1,0,6,0
-74,2017-08-27 13:00,0,18.1,51.8,7.5,157.8,88.8,62.5,402.6,5.3,90.1,19.2
-74,2017-08-28 13:00,0.1,20.9,62.5,11.1,211.3,87.3,64.2,409.4,5.1,92.3,18.9
-74,2017-08-29 13:00,3,18.9,72.4,10.3,330.8,66.9,51.6,409.4,1,78.5,3.9
-74,2017-08-30 13:00,1.8,16.3,60.9,6.6,319.4,68.8,49.7,415.3,0.8,76.6,3.3
-74,2017-08-31 13:00,0.1,17.3,49.3,9.3,173.4,81.5,51.7,421.4,2.1,79.1,8.7
-74,2017-09-01 13:00,0,20.3,50,23.9,217,86.4,53.6,426.8,8.5,81.5,25.5
-74,2017-09-02 13:00,12.5,20.4,55.4,14,292.6,61.6,27.4,383.2,0.9,46.4,2.3
-74,2017-09-03 13:00,0.5,19.4,39.1,18.4,271.1,83.4,29.6,388.4,4.3,49.7,11.7
-74,2017-09-04 13:00,2.5,10.8,72,19.2,308,66.6,25.3,392.1,1.5,43.5,4
-74,2017-09-05 13:00,6.3,8.3,88.7,14.7,329,34.6,14.9,375.1,0,27.1,0
-74,2017-09-06 13:00,0.9,14.4,56,11.4,280.9,62.1,16.1,379.4,0.8,29.1,0.9
-74,2017-09-07 13:00,0.3,18.6,44.9,18.6,328.5,82.1,18,384.5,3.7,32.3,7.9
-74,2017-09-08 13:00,0,19.4,47.6,14.2,234.3,86.5,19.9,389.7,5.3,35.4,11.4
-74,2017-09-09 13:00,0,25.4,41,14.2,262.7,89.4,22.7,395.9,8.1,39.8,16.9
-74,2017-09-10 13:00,0.1,19.6,47.9,9.4,357.8,89.3,24.7,401.2,6.2,42.7,14.4
-74,2017-09-11 13:00,10.1,7.8,69.6,17.1,22.3,46.1,12.5,367.7,0.2,23.1,0.2
-75,2017-08-27 13:00,0,20.6,50.5,5.3,219.4,89.3,62.8,403.1,5,90.4,18.5
-75,2017-08-28 13:00,0.1,22.3,56.2,10.9,223.7,88.5,64.9,410.1,6,93,21.2
-75,2017-08-29 13:00,0.5,21.9,59.1,7.6,264.6,87.9,66.9,417,4.6,95.5,17.9
-75,2017-08-30 13:00,6.6,14.8,71.8,7.6,5.4,50.9,40.6,400,0.3,64.7,0.5
-75,2017-08-31 13:00,0.2,17.3,53.3,5.5,191.3,72.4,42.3,406.1,0.9,67.2,3.2
-75,2017-09-01 13:00,0,20.4,59.3,19.6,212.2,82.8,43.9,411.5,4.2,69.3,14
-75,2017-09-02 13:00,18,18.8,74.7,16.6,273.7,49,19.3,347.7,0.3,33.9,0.4
-75,2017-09-03 13:00,3.2,7.3,67,17.7,333.4,50.7,14.7,344.2,0.4,26.5,0.5
-75,2017-09-04 13:00,0,11.8,47.4,12.3,328.2,72.7,15.9,348,1.3,28.5,2.3
-75,2017-09-05 13:00,0,15.6,44.3,7.2,233.1,82.8,17.5,352.5,2.3,31.2,4.9
-75,2017-09-06 13:00,0.7,18.1,75.2,7.5,125.2,80.7,18.4,357.5,1.8,32.6,4
-75,2017-09-07 13:00,0,23.1,65.1,13,176.8,84.2,19.9,363.3,3.6,35,8.3
-75,2017-09-08 13:00,4.1,19.1,88.1,13.5,208.6,52.2,13.8,358.2,0.4,25.2,0.4
-75,2017-09-09 13:00,2.7,18.1,48.4,22.5,291.6,70.9,12.2,363.1,2,22.6,3.4
-75,2017-09-10 13:00,0,21.3,37.2,11.9,256,86,14.7,368.7,4.4,26.8,8.4
-75,2017-09-11 13:00,10.1,7.8,69.6,17.1,22.3,45.6,7.7,337.9,0.2,14.5,0.2
-76,2017-08-27 13:00,0,20.6,43.7,7.8,185,90.1,63.1,403.1,6.5,90.7,22.3
-76,2017-08-28 13:00,0.1,21.9,59.7,11.6,218.2,88.1,65,410,5.8,93.1,20.9
-76,2017-08-29 13:00,4.5,23.6,59.5,13.4,265.4,71.3,46.1,403.9,1.3,71.7,5
-76,2017-08-30 13:00,5.1,15.9,61.8,11,348.7,58,31.5,394.1,0.6,52.5,1.4
-76,2017-08-31 13:00,0.1,17.3,40.9,7.8,201.8,78.9,33.7,400.2,1.5,55.7,4.9
-76,2017-09-01 13:00,0,20.4,52.4,16.7,212.7,85.3,35.5,405.6,5.1,58.3,14.7
-76,2017-09-02 13:00,6.1,16.9,77,12.5,251.6,53.2,21.9,390.4,0.4,38.5,0.6
-76,2017-09-03 13:00,3.1,11.6,79.9,20.2,321.5,50.9,17,387.5,0.5,30.7,0.6
-76,2017-09-04 13:00,1.8,10.7,58,12.2,315,61.8,16.3,391.1,0.8,29.6,1
-76,2017-09-05 13:00,0.7,15.2,68.2,6.5,213.7,71.8,17.2,395.5,0.9,31.1,1.5
-76,2017-09-06 13:00,7.8,10.3,58.8,18.1,6.8,52.3,10,372.5,0.5,18.7,0.5
-76,2017-09-07 13:00,0.7,14.8,56.5,13,274.8,72.2,11.2,376.8,1.3,20.9,1.7
-76,2017-09-08 13:00,4.3,15.8,63.2,17.7,296.6,62.5,8,369.9,1.1,15.2,0.9
-76,2017-09-09 13:00,2.7,14.6,50.4,7.5,324.8,64.3,6.9,374.3,0.7,13.3,0.5
-76,2017-09-10 13:00,0.9,11.9,60,12,318.6,73.3,7.9,378.1,1.3,15,1
-76,2017-09-11 13:00,10.1,7.8,69.6,17.1,22.3,43.3,4,346.6,0.1,7.9,0.1
-77,2017-08-27 13:00,0,18.9,42.5,7.1,178.3,90.1,63,402.8,6.2,90.6,21.5
-77,2017-08-28 13:00,0,21.6,56.1,13.2,204.2,88.5,65,409.7,6.7,93.1,23.2
-77,2017-08-29 13:00,2.5,16.9,87.1,6.8,295.2,60.9,54.6,415.7,0.6,82.2,2.3
-77,2017-08-30 13:00,2.5,15.8,59,10.8,1.9,64.7,47.1,421.6,0.9,73.6,3.5
-77,2017-08-31 13:00,0,16.8,44.6,10.4,182,80.9,49.2,427.6,2.1,76.4,8.4
-77,2017-09-01 13:00,0,15.9,60.4,19.4,195.1,83.9,50.4,432.2,4.8,78,16.5
-77,2017-09-02 13:00,17.7,18.1,72.6,10.9,287.2,46.4,22.6,366,0.2,39.1,0.3
-77,2017-09-03 13:00,0,15.8,66.1,8.2,293.2,67,23.6,370.6,0.9,40.7,1.8
-77,2017-09-04 13:00,1.5,6.8,77.2,21.4,317.7,64.9,23.9,373.5,1.5,41.2,4
-77,2017-09-05 13:00,1.5,11.9,49.9,13.2,325,72,25.1,377.4,1.3,43,3.4
-77,2017-09-06 13:00,0.4,14.8,61.7,4.5,161.6,79.1,26.2,381.7,1.3,44.7,3.5
-77,2017-09-07 13:00,0,16.9,59.2,17.2,195.8,83.6,27.5,386.5,4.2,46.7,11
-77,2017-09-08 13:00,0,24.4,58.7,17.9,228.3,86.1,29.4,392.6,6,49.5,15.3
-77,2017-09-09 13:00,1.4,19.1,53,15.3,260.5,81.6,31,397.7,2.9,52,8.8
-77,2017-09-10 13:00,0,19.9,47.6,5.3,227.7,86,33,403,3.2,54.8,9.7
-77,2017-09-11 13:00,10.1,7.8,69.6,17.1,22.3,45.6,16.2,369.3,0.2,29.3,0.2
-78,2017-08-27 13:00,0,19.1,46.2,7.6,178.6,89.7,62.9,402.8,6,90.4,21
-78,2017-08-28 13:00,0.1,20.8,64.3,11.5,210.1,87.2,64.5,409.6,5.1,92.5,18.9
-78,2017-08-29 13:00,0.1,23.4,40.2,4.7,180,89.2,67.5,416.8,4.8,96.1,18.5
-78,2017-08-30 13:00,13.8,16.6,52.6,11.5,1.8,56.4,33.4,369.5,0.6,54.5,1.1
-78,2017-08-31 13:00,0,16.4,52.3,6.1,176.6,74.9,35.1,375.4,1,56.9,3.3
-78,2017-09-01 13:00,0.1,19.9,55.2,14.2,165.3,83.6,36.8,380.7,3.6,59.2,11.2
-78,2017-09-02 13:00,4.5,20.6,59.5,11.3,247.5,67.1,26.4,373.7,1,44.9,2.6
-78,2017-09-03 13:00,13.2,12.8,91.5,19.8,294.7,27.8,12,332,0,22,0
-78,2017-09-04 13:00,10.1,8.3,72.7,15.3,315,31.6,6.2,304.3,0,11.8,0
-78,2017-09-05 13:00,5,6.3,56.2,15.3,279.5,42,3.8,295.2,0.1,7.3,0.1
-78,2017-09-06 13:00,5.7,5.2,80.7,11.3,300.6,31.3,1.7,283.8,0,3.4,0
-78,2017-09-07 13:00,2.3,8.8,71.6,5.5,191.3,40.2,1.2,287.1,0,2.4,0
-78,2017-09-08 13:00,0,12.3,52.6,7.4,313,64.5,2.3,291,0.8,4.6,0.3
-78,2017-09-09 13:00,0.4,14.6,71,12.5,221.5,75.2,3.1,295.3,1.5,6.1,0.7
-78,2017-09-10 13:00,1.2,9.4,57.9,17.6,303.3,75.5,3.9,298.7,1.9,7.6,1
-78,2017-09-11 13:00,10.1,7.8,69.6,17.1,22.3,43.7,1.9,273.2,0.2,3.7,0.1
-79,2017-08-27 13:00,0,20.1,41,8.2,198.4,90.2,63.2,403,6.6,90.8,22.7
-79,2017-08-28 13:00,0,21.6,57.8,12.3,204.2,88.3,65.2,409.9,6.2,93.3,22
-79,2017-08-29 13:00,0.1,20.1,68.2,5.5,113.2,86.4,66.6,416.5,3.4,95.1,14
-79,2017-08-30 13:00,24.6,11.2,69.6,13.1,7.9,41.1,27.7,326.7,0.1,45.8,0.1
-79,2017-08-31 13:00,0,14.8,52.7,3.8,253.3,64.8,29.3,332.4,0.6,48,1.2
-79,2017-09-01 13:00,0,19.9,54.7,15.3,219.3,81.1,31,337.7,2.8,50.4,8.2
-79,2017-09-02 13:00,8.1,14.4,97.3,13.6,197,26,16.3,317.7,0,29,0
-79,2017-09-03 13:00,4.8,11.9,87,13.4,263.8,28,10.5,310,0,19.3,0
-79,2017-09-04 13:00,4.2,11.1,77.5,10,291,34.8,6.9,304.3,0,13,0
-79,2017-09-05 13:00,8.3,9.4,96.2,13.9,58.8,14.1,3.2,284.7,0,6.3,0
-79,2017-09-06 13:00,24.4,7.5,55.2,20.1,296.6,36,1.6,218.1,0,3.2,0
-79,2017-09-07 13:00,2.7,9.9,51,10,334.4,51.9,1.5,221.6,0.3,2.9,0.1
-79,2017-09-08 13:00,9.4,5.2,54.1,25.9,293.7,45.4,0.6,202.5,0.3,1.1,0.1
-79,2017-09-09 13:00,0.1,11.7,53.5,12.2,289,68.6,1.6,206.3,1.1,3.2,0.4
-79,2017-09-10 13:00,0.9,16.4,83.2,17.3,234.3,71.4,2.2,210.9,1.6,4.2,0.6
-79,2017-09-11 13:00,10.1,7.8,69.6,17.1,22.3,42.9,0.9,190.9,0.1,1.8,0
-80,2017-08-27 13:00,0,19.4,42.8,9.6,185.6,90.1,63,402.9,7.1,90.6,23.6
-80,2017-08-28 13:00,0.1,22.8,51.9,10.8,241,89.3,65.4,410,6.7,93.5,23
-80,2017-08-29 13:00,1.3,23.1,62.4,9.7,231,81.7,67.3,417.1,2.2,95.9,10.2
-80,2017-08-30 13:00,7.2,14.2,56.2,14.4,347,58.1,40,397.2,0.7,63.9,2.4
-80,2017-08-31 13:00,0.3,15.8,51,7.2,270,75.9,41.7,403.1,1.2,66.3,4.3
-80,2017-09-01 13:00,0,19.6,47.4,18,233.1,85.3,43.7,408.3,5.4,68.9,16.9
-80,2017-09-02 13:00,11.4,11.9,94.7,3,225,23.2,21.3,369.6,0,37.2,0
-80,2017-09-03 13:00,6.6,13.8,89.4,10,310.6,21.8,12.3,353.3,0,22.7,0
-80,2017-09-04 13:00,9.9,13.6,95.8,15.4,159.4,11.9,6.1,325.6,0,11.6,0
-80,2017-09-05 13:00,5.9,12.7,79.3,17.8,252.3,31.9,3.4,313.9,0,6.7,0
-80,2017-09-06 13:00,5.2,10.8,93.1,19.4,259.3,23.2,1.5,304.6,0,3,0
-80,2017-09-07 13:00,1.3,14.4,64.2,19.1,274.3,55.2,2.5,308.9,0.7,4.9,0.3
-80,2017-09-08 13:00,0.4,17.1,56.7,7.9,245.8,74.4,3.9,313.7,1.1,7.6,0.6
-80,2017-09-09 13:00,5.3,13.9,89.7,6.3,256.8,37.9,1.9,304.6,0,3.8,0
-80,2017-09-10 13:00,1.3,12.8,64.4,13.7,293.2,58.8,2.8,308.6,0.8,5.5,0.3
-80,2017-09-11 13:00,10.1,7.8,69.6,17.1,22.3,40.4,1.3,282.4,0.1,2.5,0
-81,2017-08-27 13:00,0,20.6,43.6,8.4,176.1,90.1,63.1,403.1,6.7,90.7,22.8
-81,2017-08-28 13:00,0,23.9,57.2,8.4,230.4,88.7,65.3,410.4,5.4,93.5,19.9
-81,2017-08-29 13:00,5.4,23.9,56.2,12.5,258.4,70.8,43.8,400.6,1.2,68.8,4.6
-81,2017-08-30 13:00,13.7,16.4,66.3,8.8,19.6,46.1,21.2,356,0.2,36.9,0.2
-81,2017-08-31 13:00,0.5,16.9,51.5,7.7,152.2,71.3,23,362,1,39.7,2.1
-81,2017-09-01 13:00,0,19.4,64.5,23.3,197,81.5,24.3,367.2,4.4,41.7,10.8
-81,2017-09-02 13:00,38.7,15.6,96,14.5,289.2,17.6,8.6,242.8,0,15.9,0
-81,2017-09-03 13:00,3.7,9.4,74,23.2,302.9,38.6,5.8,239.8,0.1,11,0.1
-81,2017-09-04 13:00,2.3,10.4,62.6,12.5,309.2,52.6,4.9,243.4,0.4,9.3,0.2
-81,2017-09-05 13:00,0,15.4,45.2,5.3,289.6,73.9,6.5,247.8,0.9,12.2,0.6
-81,2017-09-06 13:00,0,17.4,54.6,10.8,210,82.5,8,252.7,2.6,14.8,3.4
-81,2017-09-07 13:00,0.8,20.4,65.8,17.5,278.3,82.4,9.3,258.1,3.6,17.1,5.3
-81,2017-09-08 13:00,3.3,12.2,66.5,16.4,285.3,63.8,6.9,256.5,1.1,12.9,0.8
-81,2017-09-09 13:00,0.3,9.8,43.7,11,308.4,77.9,8,259.9,1.6,14.8,1.8
-81,2017-09-10 13:00,0.4,10.2,49.6,16.6,268.8,83.2,9,263.5,3.8,16.6,5.5
-81,2017-09-11 13:00,10.1,7.8,69.6,17.1,22.3,45.1,4.6,240.3,0.2,8.9,0.1
-82,2017-08-27 13:00,0,19.9,49.6,8.5,164.3,89.3,62.8,403,5.9,90.4,20.9
-82,2017-08-28 13:00,0.1,22.6,56.7,11.3,222,88.4,64.9,410,6,93,21.5
-82,2017-08-29 13:00,1.3,21.1,63.7,9.1,288.4,80.9,66.6,416.8,2,95.2,9.1
-82,2017-08-30 13:00,5.5,13.1,57.6,11.2,358.1,57.9,43.3,404.3,0.6,68.3,2
-82,2017-08-31 13:00,0,15.8,45.1,6.1,225,76.7,45.2,410.1,1.2,70.8,4.5
-82,2017-09-01 13:00,0.1,16.9,61.9,21.3,206.1,82.7,46.4,414.9,4.5,72.5,15.2
-82,2017-09-02 13:00,5.8,19.4,58,13,255.6,64.5,30.5,400.9,1,51.2,2.9
-82,2017-09-03 13:00,1,12.2,54,17.7,333.4,75.1,31.6,404.8,1.9,52.8,5.9
-82,2017-09-04 13:00,0.8,12.6,47.9,6.1,315,80,32.8,408.8,1.6,54.7,5
-82,2017-09-05 13:00,0.1,15.7,43.9,5.5,97.6,85.2,34.5,413.3,2.9,57.1,9.1
-82,2017-09-06 13:00,0,16.6,43.2,4.7,261.3,87.2,36.3,418,3.6,59.7,11.3
-82,2017-09-07 13:00,0,17.8,51.3,9,216.9,87.2,37.9,422.9,4.5,62,13.8
-82,2017-09-08 13:00,0.3,13.9,66.9,15.3,219.3,85.6,38.8,427.1,5,63.3,15
-82,2017-09-09 13:00,2.2,17.3,70.3,9.3,283.5,70.2,34.8,431.9,1,57.9,3.2
-82,2017-09-10 13:00,3.8,8.8,67.7,21.2,290.9,57.2,25.6,424.6,1,44.5,2.4
-82,2017-09-11 13:00,10.1,7.8,69.6,17.1,22.3,40,13,389,0.1,24,0.1
-83,2017-08-27 13:00,0,19.9,39.6,6,176.9,90.2,63.2,403,5.9,90.8,20.9
-83,2017-08-28 13:00,0.1,20.8,61.6,10.3,202.6,87.7,65,409.7,5.2,93,19.2
-83,2017-08-29 13:00,0.8,21.1,65.3,6.9,261,83.6,66.6,416.5,2.5,95.1,10.9
-83,2017-08-30 13:00,16,16.6,61.3,7.6,354.6,48.6,31.3,360.6,0.2,51.4,0.3
-83,2017-08-31 13:00,0,16.1,51.2,8,172.2,72.1,33,366.5,1,53.9,3
-83,2017-09-01 13:00,0,17.9,56.8,20.6,185,82.5,34.5,371.4,4.3,56,12.5
-83,2017-09-02 13:00,15.8,18.6,67.6,9.7,254.9,49.4,15.1,321.4,0.2,27,0.3
-83,2017-09-03 13:00,0,17.9,56.4,11.2,266.3,73.4,16.6,326.4,1.2,29.4,2.3
-83,2017-09-04 13:00,0,13.8,40.6,15.9,298.3,83.9,18.1,330.5,4.1,31.9,8.7
-83,2017-09-05 13:00,0.3,12.8,60.4,14,124.5,84.3,19.1,334.5,3.9,33.4,8.5
-83,2017-09-06 13:00,19.9,9.9,95.1,6,25,18.8,8,274.2,0,15,0
-83,2017-09-07 13:00,4,8.3,84.7,9.3,352.6,24.6,5,269.4,0,9.6,0
-83,2017-09-08 13:00,0.4,10.6,63.2,10.7,295.2,51.5,5.8,273,0.3,11,0.2
-83,2017-09-09 13:00,0,14.4,60.3,7.4,240.9,70.1,6.9,277.3,0.9,12.9,0.6
-83,2017-09-10 13:00,1.8,8.8,87.9,9.8,8.4,57.6,6,280.6,0.6,11.4,0.4
-83,2017-09-11 13:00,10.1,7.8,69.6,17.1,22.3,40.1,3,256.3,0.1,5.9,0
-84,2017-08-27 13:00,0,20.4,46.6,6.9,195.7,89.7,63,403,5.9,90.6,20.7
-84,2017-08-28 13:00,0.1,22.6,54.9,13.5,226.2,88.8,65.2,410.1,7.1,93.3,24
-84,2017-08-29 13:00,0.6,22.8,55.6,3.1,234.5,86.8,67.4,417.2,3.2,96,13.5
-84,2017-08-30 13:00,1.6,15.8,49.4,8.4,9.9,78.8,66.3,423.1,1.5,95.3,7.3
-84,2017-08-31 13:00,0,18.6,49,10.2,202.9,85.1,68.4,429.4,3.5,97.8,14.8
-84,2017-09-01 13:00,0.3,22.4,62.7,17.6,210.8,85.5,69.9,435.1,5.5,99.8,20.7
-84,2017-09-02 13:00,17.8,21.1,62.3,10.6,279.8,55.4,32.6,368.7,0.5,53.4,0.9
-84,2017-09-03 13:00,0.2,19.8,49.2,14.2,305.7,79.1,34.5,374,2.1,56,6.9
-84,2017-09-04 13:00,4.2,11.4,49.4,10.2,280.1,61.6,24.9,366.8,0.8,42.5,1.5
-84,2017-09-05 13:00,0.1,16.9,51.4,12.3,265,79,26.4,371.5,1.9,44.9,5.3
-84,2017-09-06 13:00,0.3,20.1,42.5,9.8,324,86.5,28.6,376.8,4.2,48.1,11.4
-84,2017-09-07 13:00,0,23.6,44.8,9.6,214.3,88.5,31,382.8,5.6,51.6,14.7
-84,2017-09-08 13:00,0,24.1,56.6,10.2,225,88.5,33,388.8,5.8,54.4,15.5
-84,2017-09-09 13:00,0.6,22.4,62.1,6.4,63.4,85.7,34.5,394.6,3.2,56.7,10
-84,2017-09-10 13:00,1.3,23.3,71.2,5.4,180,78.4,35.8,400.4,1.3,58.5,4.3
-84,2017-09-11 13:00,10.1,7.8,69.6,17.1,22.3,44.2,17.8,367,0.2,31.8,0.2
